"Date","Price","Open","High","Low","Vol.","Change %"
"Nov 01, 2019","145,500","142,500","146,000","142,000","715.19K","2.83%"
"Oct 31, 2019","141,500","139,000","144,000","138,500","725.61K","2.54%"
"Oct 30, 2019","138,000","140,500","140,500","137,500","250.88K","-1.08%"
"Oct 29, 2019","139,500","141,500","142,000","138,000","356.71K","-0.36%"
"Oct 28, 2019","140,000","142,000","145,000","139,500","665.01K","0.00%"
"Oct 27, 2019","140,000","140,000","140,000","140,000","-","0.00%"
"Oct 25, 2019","140,000","140,000","141,000","139,500","195.86K","0.36%"
"Oct 24, 2019","139,500","140,500","142,000","139,000","489.16K","-0.36%"
"Oct 23, 2019","140,000","136,000","140,000","135,500","1.04M","2.94%"
"Oct 22, 2019","136,000","134,000","136,000","134,000","336.85K","1.87%"
"Oct 21, 2019","133,500","132,500","134,000","131,000","213.67K","0.75%"
"Oct 20, 2019","132,500","132,500","132,500","132,500","-","0.00%"
"Oct 18, 2019","132,500","131,000","133,500","131,000","331.94K","1.53%"
"Oct 17, 2019","130,500","131,500","132,500","129,000","617.54K","-1.14%"
"Oct 16, 2019","132,000","134,000","134,500","128,500","752.72K","-1.49%"
"Oct 15, 2019","134,000","135,000","135,000","133,000","189.95K","-0.37%"
"Oct 14, 2019","134,500","136,000","136,500","134,000","317.02K","-0.37%"
"Oct 13, 2019","135,000","135,000","135,000","135,000","-","0.00%"
"Oct 11, 2019","135,000","136,500","137,500","134,500","238.28K","-1.10%"
"Oct 10, 2019","136,500","133,000","137,000","132,500","693.61K","1.49%"
"Oct 09, 2019","134,500","134,500","134,500","134,500","-","0.00%"
"Oct 08, 2019","134,500","134,500","135,000","133,500","224.40K","0.00%"
"Oct 07, 2019","134,500","134,000","135,000","133,000","246.05K","0.75%"
"Oct 04, 2019","133,500","134,500","136,000","133,500","237.10K","-1.48%"
"Oct 03, 2019","135,500","135,500","135,500","135,500","-","0.00%"
"Oct 02, 2019","135,500","136,500","137,000","135,500","151.81K","-1.45%"
"Oct 01, 2019","137,500","136,000","138,000","136,000","251.09K","1.48%"
"Sep 30, 2019","135,500","134,500","136,000","134,000","201.40K","0.00%"
"Sep 29, 2019","135,500","135,500","135,500","135,500","-","0.00%"
"Sep 27, 2019","135,500","136,500","136,500","134,500","168.42K","-0.73%"
"Sep 26, 2019","136,500","137,000","137,500","135,000","210.22K","0.37%"
"Sep 25, 2019","136,000","137,500","138,500","136,000","301.35K","-1.45%"
"Sep 24, 2019","138,000","135,000","138,000","134,500","465.65K","2.60%"
"Sep 23, 2019","134,500","135,000","136,500","134,500","206.43K","-0.74%"
"Sep 22, 2019","135,500","135,500","135,500","135,500","-","0.00%"
"Sep 20, 2019","135,500","135,500","135,500","133,000","354.43K","0.00%"
"Sep 19, 2019","135,500","136,500","137,500","135,000","242.56K","-1.09%"
"Sep 18, 2019","137,000","133,000","137,000","133,000","682.93K","3.79%"
"Sep 17, 2019","132,000","132,000","134,000","132,000","325.63K","0.00%"
"Sep 16, 2019","132,000","134,500","135,000","131,000","411.49K","-0.75%"
"Sep 15, 2019","133,000","133,000","133,000","133,000","-","0.00%"
"Sep 11, 2019","133,000","135,500","136,000","133,000","733.10K","-1.85%"
"Sep 10, 2019","135,500","133,000","135,500","132,500","310.01K","1.88%"
"Sep 09, 2019","133,000","135,000","135,500","132,000","670.29K","-2.21%"
"Sep 06, 2019","136,000","135,000","136,500","135,000","156.03K","0.74%"
"Sep 05, 2019","135,000","138,000","139,000","134,500","597.61K","-2.53%"
"Sep 04, 2019","138,500","137,000","139,000","136,500","425.82K","0.73%"
"Sep 03, 2019","137,500","137,500","138,000","136,000","291.19K","0.36%"
"Sep 02, 2019","137,000","134,000","137,500","133,500","574.89K","1.86%"
"Sep 01, 2019","134,500","134,500","134,500","134,500","-","0.00%"
"Aug 30, 2019","134,500","134,000","135,500","134,000","400.67K","1.13%"
"Aug 29, 2019","133,000","133,000","133,500","131,000","349.15K","-0.37%"
"Aug 28, 2019","133,500","134,000","135,000","132,500","254.45K","-0.37%"
"Aug 27, 2019","134,000","133,500","135,000","133,000","495.06K","1.13%"
"Aug 26, 2019","132,500","130,000","133,000","129,500","373.41K","-0.38%"
"Aug 23, 2019","133,000","132,000","133,500","130,500","302.96K","0.00%"
"Aug 22, 2019","133,000","131,500","135,000","131,500","596.58K","1.14%"
"Aug 21, 2019","131,500","131,000","133,000","130,500","284.17K","-0.38%"
"Aug 20, 2019","132,000","131,000","132,000","129,500","368.34K","1.15%"
"Aug 19, 2019","130,500","130,500","131,500","129,500","222.18K","0.77%"
"Aug 18, 2019","129,500","129,500","129,500","129,500","-","0.00%"
"Aug 16, 2019","129,500","129,500","130,000","128,000","299.25K","-0.77%"
"Aug 15, 2019","130,500","130,500","130,500","130,500","-","0.00%"
"Aug 14, 2019","130,500","133,000","133,000","129,000","337.91K","-0.76%"
"Aug 13, 2019","131,500","130,000","132,500","129,000","361.06K","1.15%"
"Aug 12, 2019","130,000","133,000","133,500","129,500","262.38K","-1.52%"
"Aug 11, 2019","132,000","132,000","132,000","132,000","-","0.00%"
"Aug 09, 2019","132,000","128,000","133,000","127,500","779.12K","3.94%"
"Aug 08, 2019","127,000","128,000","129,000","125,500","954.59K","2.83%"
"Aug 07, 2019","123,500","124,500","125,000","121,500","423.33K","1.23%"
"Aug 06, 2019","122,000","118,500","124,500","117,500","649.75K","-0.41%"
"Aug 05, 2019","122,500","128,000","129,000","121,500","595.12K","-4.67%"
"Aug 02, 2019","128,500","126,000","130,000","123,500","443.87K","1.58%"
"Aug 01, 2019","126,500","126,000","128,500","125,500","248.03K","-0.39%"
"Jul 31, 2019","127,000","125,000","128,000","124,500","293.87K","0.79%"
"Jul 30, 2019","126,000","128,500","129,500","126,000","465.86K","-2.33%"
"Jul 29, 2019","129,000","130,000","132,000","128,000","362.79K","-1.53%"
"Jul 28, 2019","131,000","131,000","131,000","131,000","-","0.00%"
"Jul 26, 2019","131,000","129,000","132,000","127,000","698.95K","0.00%"
"Jul 25, 2019","131,000","136,000","136,000","128,000","1.29M","-3.68%"
"Jul 24, 2019","136,000","136,000","138,000","134,000","682.39K","0.00%"
"Jul 23, 2019","136,000","134,000","136,500","133,000","466.67K","1.49%"
"Jul 22, 2019","134,000","134,500","136,000","133,500","360.34K","-0.74%"
"Jul 21, 2019","135,000","135,000","135,000","135,000","-","0.00%"
"Jul 19, 2019","135,000","132,000","135,500","131,500","655.47K","2.66%"
"Jul 18, 2019","131,500","130,500","132,500","130,500","170.03K","0.38%"
"Jul 17, 2019","131,000","132,000","132,500","129,500","326.63K","-1.50%"
"Jul 16, 2019","133,000","133,500","134,000","132,000","298.18K","0.00%"
"Jul 15, 2019","133,000","132,500","136,000","131,000","781.59K","1.14%"
"Jul 12, 2019","131,500","131,000","132,500","129,500","295.27K","0.77%"
"Jul 11, 2019","130,500","131,000","133,000","130,500","525.43K","-0.38%"
"Jul 10, 2019","131,000","132,000","132,000","129,000","312.06K","0.00%"
"Jul 09, 2019","131,000","128,500","132,000","128,000","462.62K","2.34%"
"Jul 08, 2019","128,000","133,500","133,500","128,000","579.10K","-4.12%"
"Jul 05, 2019","133,500","133,000","134,000","131,500","457.81K","0.75%"
"Jul 04, 2019","132,500","131,000","132,500","129,500","361.93K","1.15%"
"Jul 03, 2019","131,000","131,500","132,000","130,000","298.79K","-0.38%"
"Jul 02, 2019","131,500","129,500","131,500","128,000","263.39K","1.54%"
"Jul 01, 2019","129,500","132,500","133,000","129,000","432.32K","-1.52%"
"Jun 30, 2019","131,500","131,500","131,500","131,500","-","0.00%"
"Jun 28, 2019","131,500","131,500","133,000","130,000","361.03K","0.00%"
"Jun 27, 2019","131,500","131,000","133,500","130,000","701.90K","1.54%"
"Jun 26, 2019","129,500","131,000","132,500","129,000","514.33K","-0.77%"
"Jun 25, 2019","130,500","129,000","131,000","127,500","953.12K","3.57%"
"Jun 24, 2019","126,000","127,000","128,000","125,500","305.92K","-0.40%"
"Jun 23, 2019","126,500","126,500","126,500","126,500","-","0.00%"
"Jun 21, 2019","126,500","124,500","128,000","124,000","807.72K","3.69%"
"Jun 20, 2019","122,000","122,000","124,000","120,000","276.15K","0.00%"
"Jun 19, 2019","122,000","122,500","122,500","121,000","177.85K","0.83%"
"Jun 18, 2019","121,000","121,500","123,000","120,000","343.46K","-0.41%"
"Jun 17, 2019","121,500","125,000","125,000","121,000","328.78K","-2.80%"
"Jun 16, 2019","125,000","125,000","125,000","125,000","-","0.00%"
"Jun 14, 2019","125,000","127,000","128,000","124,500","356.96K","-1.19%"
"Jun 13, 2019","126,500","124,000","127,500","123,500","746.44K","2.02%"
"Jun 12, 2019","124,000","124,500","125,000","122,500","212.52K","-0.40%"
"Jun 11, 2019","124,500","124,000","125,000","122,500","244.12K","0.40%"
"Jun 10, 2019","124,000","120,000","125,000","119,000","459.42K","3.33%"
"Jun 07, 2019","120,000","120,000","120,500","117,500","536.52K","-0.41%"
"Jun 05, 2019","120,500","121,000","121,500","119,500","306.54K","0.84%"
"Jun 04, 2019","119,500","122,500","124,000","116,500","845.81K","-2.45%"
"Jun 03, 2019","122,500","123,500","125,500","122,000","314.89K","-1.61%"
"May 31, 2019","124,500","124,000","126,000","123,000","324.52K","0.00%"
"May 30, 2019","124,500","122,000","125,500","122,000","459.82K","2.47%"
"May 29, 2019","121,500","122,500","123,500","120,500","320.26K","-1.22%"
"May 28, 2019","123,000","121,000","125,000","120,500","565.42K","0.82%"
"May 27, 2019","122,000","125,000","126,500","120,500","547.71K","-1.61%"
"May 24, 2019","124,000","123,000","124,000","120,500","762.30K","0.00%"
"May 23, 2019","124,000","125,000","127,000","123,500","424.64K","-1.20%"
"May 22, 2019","125,500","125,500","126,500","121,500","836.07K","0.40%"
"May 21, 2019","125,000","126,500","127,500","125,000","693.07K","-1.19%"
"May 20, 2019","126,500","126,500","128,500","125,500","888.81K","1.61%"
"May 17, 2019","124,500","129,000","129,500","124,000","2.44M","-6.74%"
"May 16, 2019","133,500","132,500","134,000","130,500","554.19K","1.14%"
"May 15, 2019","132,000","135,500","136,000","130,000","1.24M","-1.49%"
"May 14, 2019","134,000","127,000","135,000","126,500","1.35M","4.28%"
"May 13, 2019","128,500","130,500","130,500","127,000","583.12K","-1.15%"
"May 10, 2019","130,000","128,500","131,000","127,500","1.00M","2.77%"
"May 09, 2019","126,500","133,500","133,500","126,500","1.35M","-1.56%"
"May 08, 2019","128,500","126,500","130,000","125,500","688.24K","0.78%"
"May 07, 2019","127,500","126,000","130,000","126,000","663.71K","-0.39%"
"May 03, 2019","128,000","126,000","129,000","125,500","1.10M","4.07%"
"May 02, 2019","123,000","120,000","124,500","119,500","729.86K","2.50%"
"Apr 30, 2019","120,000","119,000","121,000","118,500","493.14K","0.42%"
"Apr 29, 2019","119,500","115,500","119,500","114,000","511.63K","3.91%"
"Apr 26, 2019","115,000","115,500","117,500","113,000","366.21K","-0.86%"
"Apr 25, 2019","116,000","117,500","118,000","115,000","290.48K","-1.69%"
"Apr 24, 2019","118,000","117,500","118,500","115,500","442.05K","1.29%"
"Apr 23, 2019","116,500","118,500","119,500","116,000","257.27K","-1.27%"
"Apr 22, 2019","118,000","118,000","120,500","117,000","456.75K","0.85%"
"Apr 19, 2019","117,000","117,000","119,000","115,000","328.90K","0.43%"
"Apr 18, 2019","116,500","119,000","119,500","116,000","420.02K","-0.85%"
"Apr 17, 2019","117,500","117,000","119,000","115,500","650.41K","0.00%"
"Apr 16, 2019","117,500","113,500","118,000","112,500","1.72M","6.33%"
"Apr 15, 2019","110,500","104,000","110,500","103,000","1.22M","7.80%"
"Apr 12, 2019","102,500","102,500","102,500","101,500","160.83K","0.00%"
"Apr 11, 2019","102,500","103,000","103,000","101,500","252.63K","0.00%"
"Apr 10, 2019","102,500","101,000","103,000","100,500","262.65K","1.99%"
"Apr 09, 2019","100,500","102,000","102,000","100,000","382.26K","-1.47%"
"Apr 08, 2019","102,000","103,000","103,500","101,500","202.99K","-0.49%"
"Apr 05, 2019","102,500","102,500","103,000","102,000","131.82K","0.00%"
"Apr 04, 2019","102,500","102,500","103,000","101,500","260.64K","0.00%"
"Apr 03, 2019","102,500","103,000","104,000","102,000","292.56K","-0.97%"
"Apr 02, 2019","103,500","103,500","104,000","102,000","227.08K","0.49%"
"Apr 01, 2019","103,000","103,500","104,000","102,000","215.09K","-0.48%"
"Mar 29, 2019","103,500","103,000","104,000","102,500","152.20K","0.98%"
"Mar 28, 2019","102,500","102,000","104,000","102,000","161.77K","0.00%"
"Mar 27, 2019","102,500","104,500","104,500","102,000","208.40K","-1.44%"
"Mar 26, 2019","104,000","102,500","105,500","102,000","257.12K","1.96%"
"Mar 25, 2019","102,000","102,000","104,000","101,500","171.35K","-1.92%"
"Mar 22, 2019","104,000","103,000","104,500","103,000","238.88K","1.46%"
"Mar 21, 2019","102,500","102,000","104,000","101,500","229.27K","0.49%"
"Mar 20, 2019","102,000","103,000","103,500","100,000","490.87K","-0.49%"
"Mar 19, 2019","102,500","107,500","108,500","102,500","583.99K","-4.65%"
"Mar 18, 2019","107,500","108,000","108,500","107,000","197.03K","0.00%"
"Mar 15, 2019","107,500","106,500","108,500","106,500","461.92K","0.94%"
"Mar 14, 2019","106,500","105,000","107,500","104,500","443.14K","2.40%"
"Mar 13, 2019","104,000","104,000","106,500","103,500","239.46K","0.48%"
"Mar 12, 2019","103,500","106,500","107,000","103,500","379.33K","-2.36%"
"Mar 11, 2019","106,000","108,000","108,000","104,500","275.45K","-1.40%"
"Mar 08, 2019","107,500","109,000","109,500","106,500","790.90K","2.87%"
"Mar 07, 2019","104,500","105,500","107,000","103,500","302.80K","-0.95%"
"Mar 06, 2019","105,500","107,000","108,000","104,000","297.18K","-0.94%"
"Mar 05, 2019","106,500","108,000","108,000","105,500","471.28K","-1.84%"
"Mar 04, 2019","108,500","105,500","109,000","105,000","850.88K","4.83%"
"Feb 28, 2019","103,500","105,000","106,500","103,500","730.14K","-1.43%"
"Feb 27, 2019","105,000","104,500","105,500","103,000","550.94K","1.45%"
"Feb 26, 2019","103,500","98,400","103,500","98,400","1.24M","5.29%"
"Feb 25, 2019","98,300","99,400","99,800","98,100","368.97K","-1.01%"
"Feb 22, 2019","99,300","99,500","100,500","98,800","293.13K","0.40%"
"Feb 21, 2019","98,900","99,800","101,000","98,800","326.77K","-0.80%"
"Feb 20, 2019","99,700","100,500","101,000","98,500","385.68K","-0.30%"
"Feb 19, 2019","100,000","101,500","102,000","100,000","229.06K","-1.96%"
"Feb 18, 2019","102,000","102,500","103,000","101,000","354.46K","0.49%"
"Feb 17, 2019","101,500","101,500","101,500","101,500","-","0.00%"
"Feb 15, 2019","101,500","101,500","103,500","100,500","652.77K","1.00%"
"Feb 14, 2019","100,500","97,800","101,000","96,100","834.34K","2.45%"
"Feb 13, 2019","98,100","96,500","98,900","95,500","518.90K","2.19%"
"Feb 12, 2019","96,000","95,600","96,500","93,300","579.41K","0.42%"
"Feb 11, 2019","95,600","98,500","98,700","95,300","824.88K","-2.65%"
"Feb 10, 2019","98,200","98,200","98,200","98,200","-","0.00%"
"Feb 08, 2019","98,200","98,700","99,100","98,100","314.02K","-0.81%"
"Feb 07, 2019","99,000","100,000","100,000","98,700","306.90K","-0.60%"
"Feb 06, 2019","99,600","99,600","99,600","99,600","-","0.00%"
"Feb 01, 2019","99,600","99,400","100,500","99,200","347.43K","0.30%"
"Jan 31, 2019","99,300","100,500","100,500","98,800","544.56K","-0.60%"
"Jan 30, 2019","99,900","102,000","102,500","99,500","563.26K","-2.06%"
"Jan 29, 2019","102,000","101,500","102,000","101,000","224.60K","0.00%"
"Jan 28, 2019","102,000","103,000","104,000","101,500","275.08K","-0.49%"
"Jan 27, 2019","102,500","102,500","102,500","102,500","-","0.00%"
"Jan 25, 2019","102,500","101,500","103,000","101,000","354.46K","0.49%"
"Jan 24, 2019","102,000","102,500","103,500","101,000","282.03K","-0.49%"
"Jan 23, 2019","102,500","101,500","103,000","100,500","359.29K","0.49%"
"Jan 22, 2019","102,000","99,400","102,500","99,300","447.66K","3.24%"
"Jan 21, 2019","98,800","99,900","100,000","98,700","252.03K","-0.80%"
"Jan 20, 2019","99,600","99,600","99,600","99,600","-","0.00%"
"Jan 18, 2019","99,600","99,000","99,900","98,900","290.79K","1.12%"
"Jan 17, 2019","98,500","100,000","102,000","98,500","434.31K","-1.50%"
"Jan 16, 2019","100,000","100,500","101,000","99,800","216.77K","0.10%"
"Jan 15, 2019","99,900","100,000","102,500","99,500","379.30K","-0.10%"
"Jan 14, 2019","100,000","102,000","102,000","99,800","241.94K","-1.96%"
"Jan 13, 2019","102,000","102,000","102,000","102,000","-","0.00%"
"Jan 11, 2019","102,000","101,000","103,500","101,000","180.01K","0.99%"
"Jan 10, 2019","101,000","101,000","103,000","100,500","289.89K","-0.98%"
"Jan 09, 2019","102,000","100,500","102,500","100,000","356.40K","2.10%"
"Jan 08, 2019","99,900","102,500","103,000","99,500","449.57K","-3.01%"
"Jan 07, 2019","103,000","105,000","107,000","102,000","376.28K","-0.48%"
"Jan 06, 2019","103,500","103,500","103,500","103,500","-","0.00%"
"Jan 04, 2019","103,500","102,000","104,000","101,500","250.84K","0.98%"
"Jan 03, 2019","102,500","102,500","105,500","100,500","293.72K","0.49%"
"Jan 02, 2019","102,000","103,500","105,000","101,500","172.53K","-0.97%"
"Jan 01, 2019","103,000","103,000","103,000","103,000","-","0.00%"
"Dec 28, 2018","103,000","101,000","104,500","101,000","190.54K","1.48%"
"Dec 27, 2018","101,500","100,500","102,000","100,000","216.63K","3.05%"
"Dec 26, 2018","98,500","99,000","100,500","98,000","491.63K","-2.48%"
"Dec 25, 2018","101,000","101,000","101,000","101,000","-","0.00%"
"Dec 24, 2018","101,000","104,500","104,500","100,000","318.78K","-3.35%"
"Dec 23, 2018","104,500","104,500","104,500","104,500","-","0.00%"
"Dec 21, 2018","104,500","102,500","104,500","101,000","428.86K","1.46%"
"Dec 20, 2018","103,000","107,000","107,000","101,000","578.50K","-4.63%"
"Dec 19, 2018","108,000","108,500","109,000","106,000","217.76K","-0.46%"
"Dec 18, 2018","108,500","108,500","111,000","107,000","188.51K","-1.81%"
"Dec 17, 2018","110,500","110,000","112,000","108,500","172.86K","0.45%"
"Dec 16, 2018","110,000","110,000","110,000","110,000","-","0.00%"
"Dec 14, 2018","110,000","110,500","111,500","109,000","188.75K","-1.35%"
"Dec 13, 2018","111,500","111,500","114,500","110,500","494.12K","1.36%"
"Dec 12, 2018","110,000","107,000","111,000","105,500","393.19K","2.80%"
"Dec 11, 2018","107,000","110,000","110,500","106,500","460.34K","-3.60%"
"Dec 10, 2018","111,000","113,000","113,500","110,000","329.98K","-3.06%"
"Dec 09, 2018","114,500","114,500","114,500","114,500","-","0.00%"
"Dec 07, 2018","114,500","116,500","117,000","112,000","353.83K","-1.29%"
"Dec 06, 2018","116,000","115,000","117,500","114,500","395.10K","1.31%"
"Dec 05, 2018","114,500","112,000","115,000","111,500","221.56K","0.88%"
"Dec 04, 2018","113,500","114,000","115,000","113,000","262.87K","0.00%"
"Dec 03, 2018","113,500","114,500","115,000","112,500","261.35K","0.89%"
"Dec 02, 2018","112,500","112,500","112,500","112,500","-","0.00%"
"Nov 30, 2018","112,500","112,000","113,000","111,500","346.40K","0.45%"
"Nov 29, 2018","112,000","113,000","114,000","111,000","262.62K","0.00%"
"Nov 28, 2018","112,000","111,500","113,000","111,000","185.19K","1.36%"
"Nov 27, 2018","110,500","113,000","114,000","110,000","270.01K","-1.78%"
"Nov 26, 2018","112,500","107,500","113,000","107,500","456.27K","4.17%"
"Nov 25, 2018","108,000","108,000","108,000","108,000","-","0.00%"
"Nov 23, 2018","108,000","107,000","109,500","106,000","242.13K","1.41%"
"Nov 22, 2018","106,500","107,000","107,500","106,000","143.23K","-0.93%"
"Nov 21, 2018","107,500","105,000","107,500","104,500","205.19K","0.47%"
"Nov 20, 2018","107,000","106,500","107,500","105,000","234.48K","0.00%"
"Nov 19, 2018","107,000","102,500","107,500","102,500","345.89K","4.39%"
"Nov 18, 2018","102,500","102,500","102,500","102,500","-","0.00%"
"Nov 16, 2018","102,500","105,000","106,000","102,000","190.18K","-1.44%"
"Nov 15, 2018","104,000","102,500","104,000","101,500","163.97K","0.97%"
"Nov 14, 2018","103,000","102,500","104,000","101,500","250.71K","1.48%"
"Nov 13, 2018","101,500","98,800","101,500","98,700","277.65K","0.50%"
"Nov 12, 2018","101,000","101,000","101,500","100,000","200.85K","0.50%"
"Nov 11, 2018","100,500","100,500","100,500","100,500","-","0.00%"
"Nov 09, 2018","100,500","100,000","102,000","98,700","286.51K","0.50%"
"Nov 08, 2018","100,000","97,900","102,000","97,800","643.59K","4.60%"
"Nov 07, 2018","95,600","97,100","97,700","95,200","267.67K","-1.04%"
"Nov 06, 2018","96,600","95,700","97,500","95,000","195.34K","1.15%"
"Nov 05, 2018","95,500","97,000","97,400","94,700","338.92K","-2.75%"
"Nov 02, 2018","98,200","95,200","98,500","94,100","407.84K","5.48%"
"Nov 01, 2018","93,100","92,000","95,600","91,900","372.21K","1.64%"
"Oct 31, 2018","91,600","90,900","92,800","89,700","334.20K","1.22%"
"Oct 30, 2018","90,500","86,000","91,100","86,000","520.67K","3.31%"
"Oct 29, 2018","87,600","89,900","92,400","87,200","593.75K","-3.63%"
"Oct 26, 2018","90,900","95,000","95,500","89,900","650.61K","-3.50%"
"Oct 25, 2018","94,200","97,300","97,300","92,000","1.02M","-5.04%"
"Oct 24, 2018","99,200","101,000","101,500","98,900","311.39K","-1.29%"
"Oct 23, 2018","100,500","102,500","103,500","100,000","192.97K","-1.95%"
"Oct 22, 2018","102,500","101,500","104,000","100,500","207.43K","1.49%"
"Oct 19, 2018","101,000","100,000","102,000","99,100","267.38K","0.50%"
"Oct 18, 2018","100,500","100,000","101,500","99,700","172.17K","0.00%"
"Oct 17, 2018","100,500","103,000","103,000","100,000","301.88K","0.00%"
"Oct 16, 2018","100,500","99,300","101,000","99,300","183.24K","1.21%"
"Oct 15, 2018","99,300","101,000","102,000","99,200","219.23K","-1.68%"
"Oct 14, 2018","101,000","101,000","101,000","101,000","-","0.00%"
"Oct 12, 2018","101,000","98,500","102,000","97,600","535.84K","2.54%"
"Oct 11, 2018","98,500","100,000","102,000","98,500","951.81K","-5.29%"
"Oct 10, 2018","104,000","106,500","108,500","104,000","511.78K","-3.26%"
"Oct 09, 2018","107,500","107,500","107,500","107,500","-","0.00%"
"Oct 08, 2018","107,500","107,500","110,500","107,500","183.30K","-1.38%"
"Oct 07, 2018","109,000","109,000","109,000","109,000","-","0.00%"
"Oct 05, 2018","109,000","110,500","111,500","108,500","475.82K","-2.68%"
"Oct 04, 2018","112,000","114,500","115,500","111,000","602.10K","-3.03%"
"Oct 03, 2018","115,500","115,500","115,500","115,500","-","0.00%"
"Oct 02, 2018","115,500","120,500","121,000","114,500","613.51K","-3.35%"
"Oct 01, 2018","119,500","120,000","123,500","119,500","365.88K","0.42%"
"Sep 30, 2018","119,000","119,000","119,000","119,000","-","0.00%"
"Sep 28, 2018","119,000","120,000","120,500","119,000","228.59K","-1.24%"
"Sep 27, 2018","120,500","119,000","121,000","119,000","274.85K","1.69%"
"Sep 26, 2018","118,500","118,500","118,500","118,500","-","0.00%"
"Sep 21, 2018","118,500","121,500","123,500","118,500","664.73K","0.85%"
"Sep 20, 2018","117,500","118,000","119,500","117,000","306.37K","0.43%"
"Sep 19, 2018","117,000","121,000","121,000","116,500","575.57K","-2.90%"
"Sep 18, 2018","120,500","122,000","122,500","120,000","377.53K","-0.82%"
"Sep 17, 2018","121,500","120,500","121,500","118,000","351.22K","1.25%"
"Sep 16, 2018","120,000","120,000","120,000","120,000","-","0.00%"
"Sep 14, 2018","120,000","120,500","121,000","118,500","286.08K","-0.83%"
"Sep 13, 2018","121,000","121,000","122,000","119,500","407.00K","0.83%"
"Sep 12, 2018","120,000","116,500","120,500","116,500","344.33K","3.00%"
"Sep 11, 2018","116,500","118,500","118,500","116,000","423.19K","-2.10%"
"Sep 10, 2018","119,000","119,000","120,500","118,500","214.90K","-0.83%"
"Sep 09, 2018","120,000","120,000","120,000","120,000","-","0.00%"
"Sep 07, 2018","120,000","120,000","120,500","118,500","205.47K","0.00%"
"Sep 06, 2018","120,000","121,500","122,000","119,000","298.32K","-0.83%"
"Sep 05, 2018","121,000","122,000","123,500","121,000","214.62K","-0.82%"
"Sep 04, 2018","122,000","121,500","123,000","120,500","267.76K","0.41%"
"Sep 03, 2018","121,500","125,000","125,500","121,000","458.85K","-2.80%"
"Sep 02, 2018","125,000","125,000","125,000","125,000","-","0.00%"
"Aug 31, 2018","125,000","124,000","125,500","123,000","431.04K","-1.19%"
"Aug 30, 2018","126,500","126,500","128,000","125,500","296.53K","0.00%"
"Aug 29, 2018","126,500","125,000","127,500","124,000","749.03K","0.80%"
"Aug 28, 2018","125,500","127,000","127,500","123,500","479.85K","-1.95%"
"Aug 27, 2018","128,000","124,000","128,000","124,000","579.88K","3.23%"
"Aug 26, 2018","124,000","124,000","124,000","124,000","-","0.00%"
"Aug 24, 2018","124,000","125,000","125,000","123,000","280.28K","-1.20%"
"Aug 23, 2018","125,500","125,000","126,000","123,500","289.91K","0.80%"
"Aug 22, 2018","124,500","125,500","125,500","122,500","331.88K","0.40%"
"Aug 21, 2018","124,000","125,000","126,500","124,000","351.34K","-0.40%"
"Aug 20, 2018","124,500","127,000","128,000","124,000","327.12K","-1.97%"
"Aug 19, 2018","127,000","127,000","127,000","127,000","-","0.00%"
"Aug 17, 2018","127,000","128,500","129,000","126,500","325.94K","-0.39%"
"Aug 16, 2018","127,500","124,500","128,000","124,000","474.46K","0.00%"
"Aug 15, 2018","127,500","127,500","127,500","127,500","-","0.00%"
"Aug 14, 2018","127,500","125,000","128,500","123,000","506.40K","2.82%"
"Aug 13, 2018","124,000","126,500","127,500","122,500","633.05K","-3.13%"
"Aug 12, 2018","128,000","128,000","128,000","128,000","-","0.00%"
"Aug 10, 2018","128,000","125,500","129,500","124,000","1.26M","1.99%"
"Aug 09, 2018","125,500","121,000","126,000","119,500","1.61M","5.46%"
"Aug 08, 2018","119,000","122,000","124,500","118,000","1.21M","-0.83%"
"Aug 07, 2018","120,000","114,000","120,000","113,000","712.33K","5.73%"
"Aug 06, 2018","113,500","113,500","114,500","112,500","189.38K","0.44%"
"Aug 05, 2018","113,000","113,000","113,000","113,000","-","0.00%"
"Aug 03, 2018","113,000","111,500","113,000","111,500","167.76K","1.80%"
"Aug 02, 2018","111,000","112,500","115,000","111,000","310.43K","-1.33%"
"Aug 01, 2018","112,500","112,500","113,500","111,500","275.77K","0.00%"
"Jul 31, 2018","112,500","115,000","116,000","111,500","653.46K","-3.43%"
"Jul 30, 2018","116,500","118,500","119,000","116,000","307.39K","-2.51%"
"Jul 29, 2018","119,500","119,500","119,500","119,500","-","0.00%"
"Jul 27, 2018","119,500","117,500","120,000","116,500","565.33K","1.70%"
"Jul 26, 2018","117,500","118,000","118,500","116,000","260.39K","-0.42%"
"Jul 25, 2018","118,000","117,500","118,000","116,000","307.67K","0.85%"
"Jul 24, 2018","117,000","115,500","118,000","115,000","501.87K","1.30%"
"Jul 23, 2018","115,500","115,000","117,000","113,500","345.78K","0.43%"
"Jul 20, 2018","115,000","114,000","115,500","113,000","184.52K","0.88%"
"Jul 19, 2018","114,000","113,000","115,500","112,500","266.36K","0.88%"
"Jul 18, 2018","113,000","115,000","116,500","112,000","348.13K","-0.88%"
"Jul 17, 2018","114,000","116,000","116,500","113,500","370.96K","-2.15%"
"Jul 16, 2018","116,500","118,000","118,500","115,500","235.14K","-1.27%"
"Jul 15, 2018","118,000","118,000","118,000","118,000","-","0.00%"
"Jul 13, 2018","118,000","118,000","119,000","116,500","300.57K","0.43%"
"Jul 12, 2018","117,500","117,000","118,000","115,500","443.57K","0.86%"
"Jul 11, 2018","116,500","116,000","117,000","115,000","248.66K","-0.43%"
"Jul 10, 2018","117,000","117,500","118,000","116,000","221.71K","-0.43%"
"Jul 09, 2018","117,500","114,500","117,500","114,500","392.49K","2.62%"
"Jul 08, 2018","114,500","114,500","114,500","114,500","-","0.00%"
"Jul 06, 2018","114,500","116,500","117,000","113,000","382.11K","-1.72%"
"Jul 05, 2018","116,500","117,000","118,500","115,500","346.66K","-0.43%"
"Jul 04, 2018","117,000","114,500","118,000","114,000","843.94K","2.63%"
"Jul 03, 2018","114,000","113,500","115,000","112,500","313.57K","2.24%"
"Jul 02, 2018","111,500","115,500","116,500","111,500","414.28K","-2.62%"
"Jun 29, 2018","114,500","113,000","115,500","112,000","578.74K","2.69%"
"Jun 28, 2018","111,500","110,000","112,500","109,000","220.77K","0.45%"
"Jun 27, 2018","111,000","112,500","113,500","110,000","309.34K","-0.89%"
"Jun 26, 2018","112,000","112,500","113,000","111,000","249.29K","-1.75%"
"Jun 25, 2018","114,000","114,000","114,500","112,000","344.82K","0.00%"
"Jun 24, 2018","114,000","114,000","114,000","114,000","-","0.00%"
"Jun 22, 2018","114,000","106,500","114,500","106,500","649.57K","6.54%"
"Jun 21, 2018","107,000","107,500","109,000","106,000","172.38K","-0.93%"
"Jun 20, 2018","108,000","106,000","109,000","106,000","289.83K","1.41%"
"Jun 19, 2018","106,500","107,000","110,500","105,500","249.70K","-0.93%"
"Jun 18, 2018","107,500","109,000","110,000","106,000","404.77K","-1.83%"
"Jun 17, 2018","109,500","109,500","109,500","109,500","-","0.00%"
"Jun 15, 2018","109,500","112,000","112,000","109,000","335.21K","-2.23%"
"Jun 14, 2018","112,000","114,000","114,000","112,000","248.11K","-1.75%"
"Jun 13, 2018","114,000","114,000","114,000","114,000","-","0.00%"
"Jun 12, 2018","114,000","114,000","114,500","113,000","178.99K","0.00%"
"Jun 11, 2018","114,000","113,000","114,500","112,000","250.19K","0.88%"
"Jun 10, 2018","113,000","113,000","113,000","113,000","-","0.00%"
"Jun 08, 2018","113,000","112,000","113,500","110,500","392.46K","1.35%"
"Jun 07, 2018","111,500","112,000","113,500","109,000","354.21K","0.00%"
"Jun 06, 2018","111,500","111,500","111,500","111,500","-","0.00%"
"Jun 05, 2018","111,500","108,000","112,000","107,000","476.15K","3.24%"
"Jun 04, 2018","108,000","104,000","108,500","104,000","431.20K","3.35%"
"Jun 03, 2018","104,500","104,500","104,500","104,500","-","0.00%"
"Jun 01, 2018","104,500","103,500","107,000","103,500","377.36K","0.97%"
"May 31, 2018","103,500","104,500","106,000","103,000","466.28K","-0.48%"
"May 30, 2018","104,000","107,000","107,500","103,500","596.97K","-3.70%"
"May 29, 2018","108,000","108,000","110,000","107,500","316.01K","0.00%"
"May 28, 2018","108,000","111,000","111,500","108,000","676.75K","-3.57%"
"May 27, 2018","112,000","112,000","112,000","112,000","-","0.00%"
"May 25, 2018","112,000","112,000","114,000","111,500","255.91K","-0.88%"
"May 24, 2018","113,000","112,000","114,000","112,000","207.38K","0.44%"
"May 23, 2018","112,500","113,000","114,500","112,500","283.73K","-0.88%"
"May 22, 2018","113,500","113,500","113,500","113,500","-","0.00%"
"May 21, 2018","113,500","113,500","114,500","112,500","173.63K","0.00%"
"May 20, 2018","113,500","113,500","113,500","113,500","-","0.00%"
"May 18, 2018","113,500","118,500","119,000","112,500","811.71K","-2.58%"
"May 17, 2018","116,500","117,500","118,500","116,000","333.43K","-0.43%"
"May 16, 2018","117,000","114,500","117,000","113,500","464.74K","2.18%"
"May 15, 2018","114,500","112,000","115,000","112,000","318.08K","1.33%"
"May 14, 2018","113,000","114,500","116,000","111,000","655.03K","-3.42%"
"May 13, 2018","117,000","117,000","117,000","117,000","-","0.00%"
"May 11, 2018","117,000","117,500","118,000","116,000","346.05K","0.00%"
"May 10, 2018","117,000","113,000","118,000","111,000","837.02K","3.54%"
"May 09, 2018","113,000","111,000","113,000","110,500","329.70K","0.89%"
"May 08, 2018","112,000","112,000","113,000","110,000","328.26K","0.00%"
"May 07, 2018","112,000","112,000","112,000","112,000","-","0.00%"
"May 04, 2018","112,000","113,000","113,500","111,500","249.45K","-1.32%"
"May 03, 2018","113,500","114,500","116,500","113,000","349.95K","-0.87%"
"May 02, 2018","114,500","110,500","114,500","109,500","525.16K","3.15%"
"May 01, 2018","111,000","111,000","111,000","111,000","-","0.00%"
"Apr 30, 2018","111,000","113,500","114,000","110,000","616.92K","-2.20%"
"Apr 29, 2018","113,500","113,500","113,500","113,500","-","0.00%"
"Apr 27, 2018","113,500","115,000","115,500","112,000","378.35K","-0.44%"
"Apr 26, 2018","114,000","116,500","117,500","113,500","364.89K","-1.30%"
"Apr 25, 2018","115,500","115,500","119,000","113,500","576.02K","0.43%"
"Apr 24, 2018","115,000","112,000","115,500","111,000","471.01K","3.60%"
"Apr 23, 2018","111,000","114,500","114,500","111,000","667.27K","-3.48%"
"Apr 22, 2018","115,000","115,000","115,000","115,000","-","0.00%"
"Apr 20, 2018","115,000","116,500","117,500","113,500","647.34K","-1.29%"
"Apr 19, 2018","116,500","119,000","119,000","116,000","647.84K","-2.51%"
"Apr 18, 2018","119,500","120,000","121,500","118,500","494.06K","1.27%"
"Apr 17, 2018","118,000","117,500","120,000","117,500","397.54K","0.85%"
"Apr 16, 2018","117,000","120,500","120,500","116,500","811.03K","-2.90%"
"Apr 15, 2018","120,500","120,500","120,500","120,500","-","0.00%"
"Apr 13, 2018","120,500","120,500","122,000","119,500","367.34K","0.42%"
"Apr 12, 2018","120,000","122,000","122,500","120,000","364.73K","-1.23%"
"Apr 11, 2018","121,500","124,000","125,000","121,000","375.45K","-0.82%"
"Apr 10, 2018","122,500","121,500","123,500","121,500","321.44K","0.82%"
"Apr 09, 2018","121,500","121,500","122,500","120,000","545.32K","-0.82%"
"Apr 08, 2018","122,500","122,500","122,500","122,500","-","0.00%"
"Apr 06, 2018","122,500","125,000","125,500","122,000","358.93K","-1.61%"
"Apr 05, 2018","124,500","125,000","126,000","124,000","298.35K","0.81%"
"Apr 04, 2018","123,500","129,000","129,000","123,500","720.70K","-3.89%"
"Apr 03, 2018","128,500","127,000","130,500","126,500","481.80K","-0.39%"
"Apr 02, 2018","129,000","132,500","133,500","128,500","453.03K","-2.27%"
"Apr 01, 2018","132,000","132,000","132,000","132,000","-","0.00%"
"Mar 30, 2018","132,000","131,500","133,500","130,000","445.35K","1.93%"
"Mar 29, 2018","129,500","129,500","131,000","126,500","436.23K","0.39%"
"Mar 28, 2018","129,000","129,000","130,500","128,000","461.38K","-1.90%"
"Mar 27, 2018","131,500","134,500","134,500","131,000","397.72K","0.38%"
"Mar 26, 2018","131,000","129,500","132,500","126,500","835.47K","0.38%"
"Mar 25, 2018","130,500","130,500","130,500","130,500","-","0.00%"
"Mar 23, 2018","130,500","135,000","136,000","129,500","1.18M","-5.43%"
"Mar 22, 2018","138,000","137,000","139,000","135,500","566.55K","0.00%"
"Mar 21, 2018","138,000","139,000","140,000","137,500","412.81K","-0.72%"
"Mar 20, 2018","139,000","135,500","140,000","135,000","552.97K","1.09%"
"Mar 19, 2018","137,500","140,000","140,500","136,000","605.72K","-2.48%"
"Mar 18, 2018","141,000","141,000","141,000","141,000","-","0.00%"
"Mar 16, 2018","141,000","141,500","143,000","139,000","1.02M","-0.35%"
"Mar 15, 2018","141,500","137,500","141,500","137,000","947.57K","3.28%"
"Mar 14, 2018","137,000","139,500","140,000","136,000","700.39K","-2.49%"
"Mar 13, 2018","140,500","135,500","141,000","135,000","1.31M","4.07%"
"Mar 12, 2018","135,000","136,000","136,500","134,500","383.29K","0.75%"
"Mar 11, 2018","134,000","134,000","134,000","134,000","-","0.00%"
"Mar 09, 2018","134,000","133,000","135,500","131,000","751.40K","1.52%"
"Mar 08, 2018","132,000","129,500","132,000","128,500","497.46K","1.93%"
"Mar 07, 2018","129,500","133,000","133,500","129,000","595.16K","-2.26%"
"Mar 06, 2018","132,500","126,000","134,000","126,000","1.16M","7.72%"
"Mar 05, 2018","123,000","127,500","128,000","123,000","413.78K","-3.53%"
"Mar 04, 2018","127,500","127,500","127,500","127,500","-","0.00%"
"Mar 02, 2018","127,500","126,500","128,500","124,500","472.04K","-0.39%"
"Mar 01, 2018","128,000","128,000","128,000","128,000","-","0.00%"
"Feb 28, 2018","128,000","130,000","132,500","127,000","773.59K","-2.29%"
"Feb 27, 2018","131,000","124,000","131,000","124,000","1.27M","6.50%"
"Feb 26, 2018","123,000","124,500","124,500","122,500","302.53K","-0.40%"
"Feb 25, 2018","123,500","123,500","123,500","123,500","-","0.00%"
"Feb 23, 2018","123,500","123,500","124,000","122,000","300.33K","0.00%"
"Feb 22, 2018","123,500","124,500","125,000","122,000","304.86K","-0.80%"
"Feb 21, 2018","124,500","123,500","125,500","122,000","395.23K","1.22%"
"Feb 20, 2018","123,000","124,000","124,500","121,500","286.74K","-0.81%"
"Feb 19, 2018","124,000","126,000","126,000","123,000","415.55K","1.22%"
"Feb 18, 2018","122,500","122,500","122,500","122,500","-","0.00%"
"Feb 14, 2018","122,500","119,500","125,000","119,000","856.03K","2.94%"
"Feb 13, 2018","119,000","120,000","121,000","118,500","708.13K","0.85%"
"Feb 12, 2018","118,000","119,000","120,000","116,500","812.37K","0.00%"
"Feb 11, 2018","118,000","118,000","118,000","118,000","-","0.00%"
"Feb 09, 2018","118,000","121,500","124,500","117,000","2.06M","-6.72%"
"Feb 08, 2018","126,500","127,000","130,000","124,500","1.01M","0.00%"
"Feb 07, 2018","126,500","134,000","134,500","126,500","999.84K","-3.44%"
"Feb 06, 2018","131,000","126,500","131,000","125,000","1.75M","-2.60%"
"Feb 05, 2018","134,500","139,500","140,000","134,500","1.52M","-6.27%"
"Feb 04, 2018","143,500","143,500","143,500","143,500","-","0.00%"
"Feb 02, 2018","143,500","142,000","145,000","141,500","1.87M","1.41%"
"Feb 01, 2018","141,500","140,000","142,000","137,500","908.23K","1.07%"
"Jan 31, 2018","140,000","137,500","140,000","135,000","937.88K","1.08%"
"Jan 30, 2018","138,500","139,000","140,500","137,500","638.40K","-0.36%"
"Jan 29, 2018","139,000","141,000","141,500","138,500","704.10K","-0.71%"
"Jan 28, 2018","140,000","140,000","140,000","140,000","-","0.00%"
"Jan 26, 2018","140,000","136,000","141,000","135,000","1.27M","3.70%"
"Jan 25, 2018","135,000","135,000","137,500","134,500","646.52K","0.00%"
"Jan 24, 2018","135,000","136,500","138,000","134,500","758.45K","-1.10%"
"Jan 23, 2018","136,500","135,500","138,000","135,000","959.97K","0.74%"
"Jan 22, 2018","135,500","138,000","139,000","135,000","810.72K","-1.81%"
"Jan 21, 2018","138,000","138,000","138,000","138,000","-","0.00%"
"Jan 19, 2018","138,000","136,000","139,000","134,000","1.13M","1.85%"
"Jan 18, 2018","135,500","134,500","138,500","134,000","1.96M","1.12%"
"Jan 17, 2018","134,000","139,000","139,000","133,000","2.40M","-4.63%"
"Jan 16, 2018","140,500","144,500","145,000","140,000","1.07M","-3.10%"
"Jan 15, 2018","145,000","141,500","147,500","141,500","1.25M","3.20%"
"Jan 14, 2018","140,500","140,500","140,500","140,500","-","0.00%"
"Jan 12, 2018","140,500","145,500","145,500","139,000","1.37M","0.00%"
"Jan 11, 2018","140,500","142,000","146,500","138,000","2.41M","-6.02%"
"Jan 10, 2018","149,500","156,000","158,500","148,000","1.64M","-4.78%"
"Jan 09, 2018","157,000","158,000","160,000","154,500","1.01M","-1.57%"
"Jan 08, 2018","159,500","160,500","162,500","158,000","1.47M","2.24%"
"Jan 07, 2018","156,000","156,000","156,000","156,000","-","0.00%"
"Jan 05, 2018","156,000","157,000","158,000","152,000","1.06M","0.00%"
"Jan 04, 2018","156,000","152,500","159,000","149,500","2.25M","4.70%"
"Jan 03, 2018","149,000","150,500","151,000","145,500","1.15M","1.71%"
"Jan 02, 2018","146,500","140,000","147,000","139,500","1.34M","6.93%"
"Jan 01, 2018","137,000","137,000","137,000","137,000","-","0.00%"
"Dec 28, 2017","137,000","139,500","141,500","134,500","944.40K","-1.79%"
"Dec 27, 2017","139,500","130,000","140,000","129,500","1.56M","10.71%"
"Dec 26, 2017","126,000","130,500","130,500","125,000","725.51K","-2.70%"
"Dec 25, 2017","129,500","129,500","129,500","129,500","-","0.00%"
"Dec 22, 2017","129,500","128,000","130,500","126,500","584.48K","0.39%"
"Dec 21, 2017","129,000","134,000","134,000","129,000","712.31K","-3.37%"
"Dec 20, 2017","133,500","135,000","137,500","133,500","389.23K","-1.48%"
"Dec 19, 2017","135,500","133,500","136,500","131,500","679.30K","0.74%"
"Dec 18, 2017","134,500","138,000","139,500","133,500","1.46M","-5.61%"
"Dec 17, 2017","142,500","142,500","142,500","142,500","-","0.00%"
"Dec 15, 2017","142,500","144,500","145,000","142,000","306.22K","-1.04%"
"Dec 14, 2017","144,000","142,000","145,000","142,000","638.68K","2.13%"
"Dec 13, 2017","141,000","141,000","142,000","138,500","282.39K","0.00%"
"Dec 12, 2017","141,000","139,500","143,500","138,000","439.92K","0.71%"
"Dec 11, 2017","140,000","140,500","140,500","138,000","283.64K","1.08%"
"Dec 10, 2017","138,500","138,500","138,500","138,500","0.73K","0.00%"
"Dec 08, 2017","138,500","137,000","140,500","137,000","563.21K","2.21%"
"Dec 07, 2017","135,500","138,000","139,000","133,000","812.09K","-1.81%"
"Dec 06, 2017","138,000","139,500","143,000","138,000","467.02K","-1.78%"
"Dec 05, 2017","140,500","139,000","141,000","134,000","732.94K","0.72%"
"Dec 04, 2017","139,500","140,500","143,000","138,500","479.65K","-0.36%"
"Dec 03, 2017","140,000","140,000","140,000","140,000","1.25K","0.00%"
"Dec 01, 2017","140,000","136,500","141,000","136,500","864.63K","2.56%"
"Nov 30, 2017","136,500","145,000","145,500","135,000","1.78M","-5.86%"
"Nov 29, 2017","145,000","146,000","146,500","142,000","905.80K","-0.34%"
"Nov 28, 2017","145,500","147,500","148,000","145,000","648.99K","-1.36%"
"Nov 27, 2017","147,500","147,500","151,000","147,000","769.55K","-0.34%"
"Nov 26, 2017","148,000","148,000","148,000","148,000","0.22K","0.00%"
"Nov 24, 2017","148,000","150,000","153,500","146,500","1.15M","-1.00%"
"Nov 23, 2017","149,500","155,000","156,000","149,500","1.17M","-3.24%"
"Nov 22, 2017","154,500","161,000","161,500","153,000","1.71M","-4.04%"
"Nov 21, 2017","161,000","161,500","166,000","160,000","1.24M","0.63%"
"Nov 20, 2017","160,000","158,500","161,000","158,000","710.50K","1.59%"
"Nov 19, 2017","157,500","157,500","157,500","157,500","0.06K","0.00%"
"Nov 17, 2017","157,500","155,500","159,500","154,500","715.38K","1.94%"
"Nov 16, 2017","154,500","154,000","155,500","152,000","418.66K","0.32%"
"Nov 15, 2017","154,000","155,500","156,000","153,500","488.97K","-0.65%"
"Nov 14, 2017","155,000","154,000","156,000","152,500","515.08K","0.65%"
"Nov 13, 2017","154,000","153,000","155,500","152,000","601.75K","0.98%"
"Nov 12, 2017","152,500","152,500","152,500","152,500","0.74K","0.00%"
"Nov 10, 2017","152,500","151,000","156,000","150,000","734.15K","0.00%"
"Nov 09, 2017","152,500","159,500","162,500","149,500","1.63M","-3.17%"
"Nov 08, 2017","157,500","154,500","158,000","154,000","808.03K","2.27%"
"Nov 07, 2017","154,000","153,500","155,000","152,000","478.23K","0.65%"
"Nov 06, 2017","153,000","153,500","154,000","151,500","495.26K","0.33%"
"Nov 05, 2017","152,500","152,500","152,500","152,500","0.69K","0.00%"
"Nov 03, 2017","152,500","151,000","153,000","146,500","622.06K","1.67%"
"Nov 02, 2017","150,000","152,500","153,000","149,000","505.65K","-0.66%"
"Nov 01, 2017","151,000","145,000","151,500","143,000","1.02M","4.86%"
"Oct 31, 2017","144,000","143,000","146,000","142,500","463.58K","1.41%"
"Oct 30, 2017","142,000","144,000","146,500","140,500","650.33K","-1.05%"
"Oct 29, 2017","143,500","143,500","143,500","143,500","6.16K","0.00%"
"Oct 27, 2017","143,500","139,500","143,500","136,500","1.03M","2.50%"
"Oct 26, 2017","140,000","145,500","145,500","139,000","1.89M","-4.11%"
"Oct 25, 2017","146,000","151,500","152,000","145,000","760.26K","-2.67%"
"Oct 24, 2017","150,000","151,000","153,000","150,000","463.84K","-0.66%"
"Oct 23, 2017","151,000","149,000","151,500","147,500","560.26K","0.67%"
"Oct 22, 2017","150,000","150,000","150,000","150,000","0.28K","0.00%"
"Oct 20, 2017","150,000","149,000","151,500","148,000","661.72K","2.04%"
"Oct 19, 2017","147,000","149,000","151,500","145,000","1.06M","-1.01%"
"Oct 18, 2017","148,500","156,500","156,500","147,500","1.63M","-5.71%"
"Oct 17, 2017","157,500","157,000","159,000","153,000","714.67K","0.96%"
"Oct 16, 2017","156,000","150,500","157,000","146,000","1.72M","2.30%"
"Oct 15, 2017","152,500","152,500","152,500","152,500","3.16K","0.00%"
"Oct 13, 2017","152,500","160,000","168,000","151,500","2.52M","-4.39%"
"Oct 12, 2017","159,500","151,500","159,500","151,000","1.30M","5.98%"
"Oct 11, 2017","150,500","149,500","151,500","148,000","521.94K","1.01%"
"Oct 10, 2017","149,000","147,000","149,500","145,500","830.87K","3.47%"
"Oct 09, 2017","144,000","144,000","144,000","144,000","0.12K","0.00%"
"Sep 29, 2017","144,000","140,500","145,000","139,500","747.58K","3.23%"
"Sep 28, 2017","139,500","140,500","141,000","139,000","318.70K","-0.71%"
"Sep 27, 2017","140,500","141,500","142,000","139,500","454.45K","-0.35%"
"Sep 26, 2017","141,000","138,500","141,500","138,500","545.55K","1.81%"
"Sep 25, 2017","138,500","136,000","140,500","134,000","688.79K","0.00%"
"Sep 24, 2017","138,500","138,500","138,500","138,500","2.62K","0.00%"
"Sep 22, 2017","138,500","140,000","142,500","137,000","914.39K","-2.46%"
"Sep 21, 2017","142,000","144,000","144,500","139,500","812.38K","-0.35%"
"Sep 20, 2017","142,500","138,000","144,000","138,000","1.31M","4.01%"
"Sep 19, 2017","137,000","135,000","137,000","132,000","642.55K","1.11%"
"Sep 18, 2017","135,500","136,500","137,500","135,000","712.20K","0.00%"
"Sep 17, 2017","135,500","135,500","135,500","135,500","0.22K","0.00%"
"Sep 15, 2017","135,500","132,500","136,000","131,000","1.14M","2.65%"
"Sep 14, 2017","132,000","129,000","133,000","128,500","2.48M","3.53%"
"Sep 13, 2017","127,500","130,000","130,000","127,000","964.33K","-2.30%"
"Sep 12, 2017","130,500","130,500","131,000","128,500","637.20K","0.00%"
"Sep 11, 2017","130,500","130,000","132,000","129,500","660.70K","0.77%"
"Sep 10, 2017","129,500","129,500","129,500","129,500","0.11K","0.00%"
"Sep 08, 2017","129,500","128,000","130,000","127,500","650.43K","1.97%"
"Sep 07, 2017","127,000","128,000","129,000","126,500","633.60K","-0.78%"
"Sep 06, 2017","128,000","126,000","129,000","125,000","1.08M","1.99%"
"Sep 05, 2017","125,500","121,500","126,000","120,500","1.04M","5.02%"
"Sep 04, 2017","119,500","117,500","122,000","117,500","722.73K","-2.05%"
"Sep 03, 2017","122,000","122,000","122,000","122,000","0.04K","0.00%"
"Sep 01, 2017","122,000","123,000","123,000","120,000","506.83K","-0.81%"
"Aug 31, 2017","123,000","123,000","124,500","122,000","613.06K","0.82%"
"Aug 30, 2017","122,000","122,500","125,000","122,000","1.27M","2.52%"
"Aug 29, 2017","119,000","117,000","120,000","116,500","672.13K","0.85%"
"Aug 28, 2017","118,000","118,000","118,500","116,500","297.17K","0.43%"
"Aug 25, 2017","117,500","117,500","118,500","116,500","409.57K","0.86%"
"Aug 24, 2017","116,500","115,500","118,500","115,500","491.10K","1.30%"
"Aug 23, 2017","115,000","116,500","116,500","114,500","283.59K","-0.43%"
"Aug 22, 2017","115,500","114,500","116,500","113,000","433.30K","1.32%"
"Aug 21, 2017","114,000","114,000","115,000","113,000","256.07K","0.44%"
"Aug 20, 2017","113,500","113,500","113,500","113,500","0.31K","0.00%"
"Aug 18, 2017","113,500","113,000","115,000","112,500","352.58K","-0.87%"
"Aug 17, 2017","114,500","115,500","116,000","113,500","357.45K","0.00%"
"Aug 16, 2017","114,500","114,500","115,000","113,500","543.37K","1.33%"
"Aug 14, 2017","113,000","112,500","114,000","111,000","700.10K","2.73%"
"Aug 13, 2017","110,000","110,000","110,000","110,000","-","0.00%"
"Aug 11, 2017","110,000","107,500","110,500","106,500","776.02K","1.38%"
"Aug 10, 2017","108,500","110,000","111,500","107,000","784.84K","0.00%"
"Aug 09, 2017","108,500","111,000","111,500","107,500","617.05K","-2.25%"
"Aug 08, 2017","111,000","110,500","113,500","110,500","474.55K","0.45%"
"Aug 07, 2017","110,500","111,000","112,500","108,000","674.98K","0.00%"
"Aug 06, 2017","110,500","110,500","110,500","110,500","4.82K","0.00%"
"Aug 04, 2017","110,500","113,500","115,500","110,000","926.51K","-3.49%"
"Aug 03, 2017","114,500","116,500","117,000","112,500","995.46K","0.00%"
"Aug 02, 2017","114,500","113,500","116,500","110,500","2.14M","-2.97%"
"Aug 01, 2017","118,000","121,500","124,500","117,000","2.47M","-1.67%"
"Jul 31, 2017","120,000","113,500","121,000","112,500","3.10M","8.11%"
"Jul 30, 2017","111,000","111,000","111,000","111,000","0.73K","0.00%"
"Jul 28, 2017","111,000","112,500","114,000","109,500","1.68M","1.37%"
"Jul 27, 2017","109,500","107,500","109,500","106,000","735.39K","3.79%"
"Jul 26, 2017","105,500","108,000","108,500","104,000","465.48K","-1.86%"
"Jul 25, 2017","107,500","109,500","110,000","107,000","322.42K","-1.38%"
"Jul 24, 2017","109,000","108,500","110,500","107,000","627.33K","0.93%"
"Jul 23, 2017","108,000","108,000","108,000","108,000","0.02K","0.00%"
"Jul 21, 2017","108,000","105,500","108,000","105,000","592.52K","2.86%"
"Jul 20, 2017","105,000","106,000","106,500","105,000","346.03K","0.00%"
"Jul 19, 2017","105,000","105,000","106,000","103,500","442.67K","1.45%"
"Jul 18, 2017","103,500","101,500","104,500","101,000","699.02K","2.99%"
"Jul 17, 2017","100,500","99,200","101,000","99,200","211.43K","1.52%"
"Jul 16, 2017","99,000","99,000","99,000","99,000","0.07K","0.00%"
"Jul 14, 2017","99,000","100,500","101,500","99,000","196.50K","-0.90%"
"Jul 13, 2017","99,900","99,200","100,500","98,500","316.94K","1.42%"
"Jul 12, 2017","98,500","98,500","99,900","97,600","620.30K","-1.99%"
"Jul 11, 2017","100,500","102,500","102,500","99,700","350.82K","-1.47%"
"Jul 10, 2017","102,000","102,500","103,500","101,000","354.98K","0.39%"
"Jul 07, 2017","101,600","103,500","103,700","100,200","992.11K","-2.40%"
"Jul 06, 2017","104,100","103,300","105,900","103,200","703.66K","1.56%"
"Jul 05, 2017","102,500","98,500","102,600","98,500","593.20K","4.27%"
"Jul 04, 2017","98,300","99,900","100,500","98,000","433.64K","-1.11%"
"Jul 03, 2017","99,400","102,400","102,700","99,100","462.18K","-2.07%"
"Jun 30, 2017","101,500","100,300","103,300","100,300","321.05K","0.00%"
"Jun 29, 2017","101,500","102,400","102,700","100,800","250.34K","0.69%"
"Jun 28, 2017","100,800","102,200","103,000","100,500","416.76K","-2.89%"
"Jun 27, 2017","103,800","100,700","104,400","100,400","666.72K","3.59%"
"Jun 26, 2017","100,200","101,700","102,100","99,700","387.69K","-1.28%"
"Jun 25, 2017","101,500","101,500","101,500","101,500","0.26K","0.00%"
"Jun 23, 2017","101,500","97,800","101,500","97,500","538.75K","3.57%"
"Jun 22, 2017","98,000","99,800","99,900","97,100","550.99K","-0.81%"
"Jun 21, 2017","98,800","100,200","100,300","98,000","950.90K","-2.66%"
"Jun 20, 2017","101,500","104,900","105,000","101,100","556.22K","-2.22%"
"Jun 19, 2017","103,800","102,400","104,500","102,400","394.34K","0.87%"
"Jun 18, 2017","102,900","102,900","102,900","102,900","1.54K","0.00%"
"Jun 16, 2017","102,900","105,300","105,400","102,100","943.24K","-2.46%"
"Jun 15, 2017","105,500","106,700","106,900","104,800","417.00K","-0.85%"
"Jun 14, 2017","106,400","108,100","108,400","105,000","670.46K","-0.47%"
"Jun 13, 2017","106,900","106,200","107,500","105,500","654.08K","1.81%"
"Jun 12, 2017","105,000","107,000","107,800","103,400","1.28M","-4.37%"
"Jun 11, 2017","109,800","109,800","109,800","109,800","0.72K","0.00%"
"Jun 09, 2017","109,800","108,500","110,000","107,900","587.61K","1.20%"
"Jun 08, 2017","108,500","108,800","110,100","106,700","991.81K","0.46%"
"Jun 07, 2017","108,000","105,000","108,300","104,200","1.02M","3.35%"
"Jun 06, 2017","104,500","104,500","104,500","104,500","0.12K","0.00%"
"Jun 05, 2017","104,500","101,500","104,600","101,200","837.52K","3.67%"
"Jun 04, 2017","100,800","100,800","100,800","100,800","0.03K","0.00%"
"Jun 02, 2017","100,800","99,200","100,900","99,200","601.19K","2.02%"
"Jun 01, 2017","98,800","99,000","99,400","98,200","267.81K","0.00%"
"May 31, 2017","98,800","98,200","99,400","98,200","542.45K","0.71%"
"May 30, 2017","98,100","99,500","99,700","98,000","450.48K","-1.11%"
"May 29, 2017","99,200","100,200","100,200","99,100","380.72K","-0.50%"
"May 28, 2017","99,700","99,700","99,700","99,700","0.02K","0.00%"
"May 26, 2017","99,700","99,200","101,000","99,100","493.73K","1.12%"
"May 25, 2017","98,600","99,900","99,900","98,600","371.87K","-0.90%"
"May 24, 2017","99,500","98,900","99,500","98,200","364.16K","0.51%"
"May 23, 2017","99,000","99,600","99,800","98,500","440.52K","-0.50%"
"May 22, 2017","99,500","99,000","99,500","97,700","584.27K","1.53%"
"May 21, 2017","98,000","98,000","98,000","98,000","0.47K","0.00%"
"May 19, 2017","98,000","95,500","98,400","95,500","862.67K","2.94%"
"May 18, 2017","95,200","94,000","95,500","93,800","491.98K","0.00%"
"May 17, 2017","95,200","95,500","95,600","94,200","366.13K","0.00%"
"May 16, 2017","95,200","94,500","95,400","94,100","521.20K","1.49%"
"May 15, 2017","93,800","95,800","96,300","93,500","633.29K","-2.09%"
"May 14, 2017","95,800","95,800","95,800","95,800","0.32K","0.00%"
"May 12, 2017","95,800","95,700","95,800","94,500","455.35K","0.63%"
"May 11, 2017","95,200","95,800","96,000","94,800","737.61K","1.28%"
"May 10, 2017","94,000","95,800","95,800","93,600","589.82K","-1.05%"
"May 09, 2017","95,000","95,000","95,000","95,000","0.69K","0.00%"
"May 08, 2017","95,000","94,200","95,000","93,400","604.24K","1.06%"
"May 07, 2017","94,000","94,000","94,000","94,000","0.62K","0.00%"
"May 04, 2017","94,000","93,800","94,900","93,200","640.74K","1.51%"
"May 03, 2017","92,600","92,600","92,600","92,600","-","0.00%"
"May 02, 2017","92,600","91,500","92,800","91,000","544.07K","2.43%"
"May 01, 2017","90,400","90,400","90,400","90,400","0.01K","0.00%"
"Apr 28, 2017","90,400","91,700","92,300","89,300","595.86K","-1.09%"
"Apr 27, 2017","91,400","93,000","93,000","91,200","485.57K","-1.30%"
"Apr 26, 2017","92,600","91,800","94,100","91,400","1.22M","1.98%"
"Apr 25, 2017","90,800","90,700","90,800","89,600","511.41K","0.67%"
"Apr 24, 2017","90,200","90,600","91,500","89,300","607.72K","0.22%"
"Apr 23, 2017","90,000","90,000","90,000","90,000","2.72K","0.00%"
"Apr 21, 2017","90,000","91,700","91,900","89,600","856.61K","-0.88%"
"Apr 20, 2017","90,800","88,900","91,100","88,200","1.55M","4.13%"
"Apr 19, 2017","87,200","87,000","88,600","86,500","685.55K","-1.13%"
"Apr 18, 2017","88,200","89,100","89,800","88,000","537.66K","-1.01%"
"Apr 17, 2017","89,100","90,000","90,300","88,400","746.91K","0.34%"
"Apr 16, 2017","88,800","88,800","88,800","88,800","0.40K","0.00%"
"Apr 14, 2017","88,800","87,800","90,200","87,500","1.14M","0.91%"
"Apr 13, 2017","88,000","85,700","88,500","85,600","1.36M","2.44%"
"Apr 12, 2017","85,900","85,700","86,200","85,100","463.48K","0.23%"
"Apr 11, 2017","85,700","84,700","86,200","84,100","721.04K","0.94%"
"Apr 10, 2017","84,900","87,100","87,100","84,200","782.31K","-1.96%"
"Apr 09, 2017","86,600","86,600","86,600","86,600","3.31K","0.00%"
"Apr 07, 2017","86,600","85,300","87,100","84,900","1.40M","2.49%"
"Apr 06, 2017","84,500","84,500","85,000","83,300","1.32M","-1.63%"
"Apr 05, 2017","85,900","86,800","88,700","85,600","1.20M","0.23%"
"Apr 04, 2017","85,700","87,500","87,600","85,700","595.61K","-1.49%"
"Apr 03, 2017","87,000","83,500","87,000","83,400","860.93K","4.69%"
"Apr 02, 2017","83,100","83,100","83,100","83,100","-","0.00%"
"Mar 31, 2017","83,100","83,500","83,700","82,700","178.63K","0.36%"
"Mar 30, 2017","82,800","84,100","84,100","82,700","229.51K","-1.19%"
"Mar 29, 2017","83,800","84,000","84,100","82,900","241.88K","0.72%"
"Mar 28, 2017","83,200","83,300","84,000","82,400","345.41K","0.36%"
"Mar 27, 2017","82,900","83,400","84,200","82,800","317.91K","-1.43%"
"Mar 26, 2017","84,100","84,100","84,100","84,100","-","0.00%"
"Mar 24, 2017","84,100","86,200","86,200","83,100","536.53K","-2.10%"
"Mar 23, 2017","85,900","86,700","86,700","85,400","310.40K","-0.81%"
"Mar 22, 2017","86,600","85,500","86,700","84,700","475.36K","0.58%"
"Mar 21, 2017","86,100","85,000","86,200","84,300","514.97K","1.41%"
"Mar 20, 2017","84,900","84,700","85,200","82,500","505.74K","1.07%"
"Mar 19, 2017","84,000","84,000","84,000","84,000","0.10K","0.00%"
"Mar 17, 2017","84,000","83,800","84,100","83,200","220.33K","0.24%"
"Mar 16, 2017","83,800","82,900","83,800","81,500","467.98K","1.95%"
"Mar 15, 2017","82,200","83,600","83,800","82,000","317.31K","-1.56%"
"Mar 14, 2017","83,500","84,600","84,800","82,600","624.67K","-1.53%"
"Mar 13, 2017","84,800","85,400","85,500","84,000","339.01K","-0.59%"
"Mar 12, 2017","85,300","85,300","85,300","85,300","0.01K","0.00%"
"Mar 10, 2017","85,300","83,500","85,800","81,600","500.72K","3.02%"
"Mar 09, 2017","82,800","83,500","84,900","82,800","348.97K","-0.24%"
"Mar 08, 2017","83,000","84,200","84,300","82,700","285.81K","-0.84%"
"Mar 07, 2017","83,700","83,600","84,300","82,600","277.13K","-0.12%"
"Mar 06, 2017","83,800","85,000","85,700","83,600","369.13K","-2.33%"
"Mar 05, 2017","85,800","85,800","85,800","85,800","0.02K","0.00%"
"Mar 03, 2017","85,800","85,000","86,500","84,400","396.02K","0.59%"
"Mar 02, 2017","85,300","86,000","86,100","84,500","353.57K","-0.12%"
"Mar 01, 2017","85,400","85,400","85,400","85,400","0.06K","0.00%"
"Feb 28, 2017","85,400","86,500","86,800","84,900","443.73K","-0.47%"
"Feb 27, 2017","85,800","87,500","87,900","85,700","329.78K","-2.61%"
"Feb 26, 2017","88,100","88,100","88,100","88,100","0.13K","0.00%"
"Feb 24, 2017","88,100","88,500","89,600","87,600","369.13K","0.23%"
"Feb 23, 2017","87,900","89,100","89,500","87,600","505.28K","-1.79%"
"Feb 22, 2017","89,500","88,600","90,200","88,200","1.03M","1.24%"
"Feb 21, 2017","88,400","85,700","89,100","85,700","1.57M","4.25%"
"Feb 20, 2017","84,800","84,400","85,300","83,600","293.75K","0.12%"
"Feb 19, 2017","84,700","84,700","84,700","84,700","0.15K","0.00%"
"Feb 17, 2017","84,700","82,400","85,300","82,400","562.90K","2.79%"
"Feb 16, 2017","82,400","84,600","84,800","82,200","568.74K","-2.94%"
"Feb 15, 2017","84,900","85,100","85,600","84,100","320.24K","0.00%"
"Feb 14, 2017","84,900","84,000","85,300","83,000","426.05K","0.95%"
"Feb 13, 2017","84,100","85,400","85,500","83,700","396.84K","-1.18%"
"Feb 12, 2017","85,100","85,100","85,100","85,100","0.29K","0.00%"
"Feb 10, 2017","85,100","85,300","86,300","84,100","790.37K","-0.35%"
"Feb 09, 2017","85,400","81,700","85,700","81,300","1.55M","7.02%"
"Feb 08, 2017","79,800","78,800","79,800","77,800","268.79K","1.92%"
"Feb 07, 2017","78,300","77,000","79,100","77,000","173.05K","1.29%"
"Feb 06, 2017","77,300","78,100","78,500","77,000","168.69K","-0.90%"
"Feb 05, 2017","78,000","78,000","78,000","78,000","0.16K","0.00%"
"Feb 03, 2017","78,000","78,000","78,500","77,500","175.64K","0.39%"
"Feb 02, 2017","77,700","79,100","80,000","77,600","285.31K","-0.89%"
"Feb 01, 2017","78,400","78,200","78,900","78,000","196.53K","0.90%"
"Jan 31, 2017","77,700","77,200","79,300","76,900","260.52K","0.78%"
"Jan 30, 2017","77,100","77,100","77,100","77,100","0.13K","0.00%"
"Jan 26, 2017","77,100","76,200","77,700","76,200","240.61K","1.31%"
"Jan 25, 2017","76,100","78,300","79,200","76,100","549.98K","-3.43%"
"Jan 24, 2017","78,800","79,500","79,700","78,800","177.50K","-0.25%"
"Jan 23, 2017","79,000","80,000","80,300","78,400","338.06K","-1.74%"
"Jan 22, 2017","80,400","80,400","80,400","80,400","0.10K","0.00%"
"Jan 20, 2017","80,400","81,800","82,200","80,300","284.04K","-2.31%"
"Jan 19, 2017","82,300","80,700","82,300","80,500","245.80K","1.48%"
"Jan 18, 2017","81,100","82,200","82,600","80,300","183.93K","-0.98%"
"Jan 17, 2017","81,900","82,600","83,400","81,400","228.66K","-0.85%"
"Jan 16, 2017","82,600","84,400","84,500","82,400","203.77K","-1.55%"
"Jan 15, 2017","83,900","83,900","83,900","83,900","0.03K","0.00%"
"Jan 13, 2017","83,900","81,900","84,400","81,600","480.46K","2.44%"
"Jan 12, 2017","81,900","83,500","83,700","81,900","251.01K","-1.56%"
"Jan 11, 2017","83,200","82,000","83,700","81,600","270.07K","1.46%"
"Jan 10, 2017","82,000","82,600","83,500","81,500","326.40K","-0.97%"
"Jan 09, 2017","82,800","84,200","84,500","82,500","234.74K","-1.08%"
"Jan 08, 2017","83,700","83,700","83,700","83,700","0.40K","0.00%"
"Jan 06, 2017","83,700","84,400","84,500","82,200","408.89K","-0.36%"
"Jan 05, 2017","84,000","85,000","86,000","84,000","610.89K","-0.36%"
"Jan 04, 2017","84,300","80,400","85,100","80,300","1.22M","5.38%"
"Jan 03, 2017","80,000","77,200","80,000","77,000","444.38K","4.30%"
"Jan 02, 2017","76,700","77,400","77,600","76,600","142.52K","-0.39%"
"Jan 01, 2017","77,000","77,000","77,000","77,000","0.05K","0.00%"
"Dec 29, 2016","77,000","75,700","77,000","75,300","200.93K","1.99%"
"Dec 28, 2016","75,500","75,000","75,900","74,700","200.97K","0.94%"
"Dec 27, 2016","74,800","75,500","75,600","74,600","236.21K","-0.40%"
"Dec 26, 2016","75,100","75,000","75,800","75,000","131.23K","0.13%"
"Dec 23, 2016","75,000","75,500","75,900","74,500","267.52K","0.27%"
"Dec 22, 2016","74,800","76,500","76,900","74,800","274.60K","-1.71%"
"Dec 21, 2016","76,100","77,400","77,400","76,100","204.17K","-1.04%"
"Dec 20, 2016","76,900","78,300","79,100","76,900","174.70K","-1.66%"
"Dec 19, 2016","78,200","77,700","79,300","77,700","150.98K","0.90%"
"Dec 18, 2016","77,500","77,500","77,500","77,500","0.16K","0.00%"
"Dec 16, 2016","77,500","78,300","78,400","77,400","140.11K","-0.77%"
"Dec 15, 2016","78,100","78,700","79,300","77,300","179.56K","-0.76%"
"Dec 14, 2016","78,700","79,900","81,000","78,700","280.46K","-0.63%"
"Dec 13, 2016","79,200","79,600","79,800","78,400","190.74K","-0.50%"
"Dec 12, 2016","79,600","80,000","80,600","78,700","314.87K","0.25%"
"Dec 11, 2016","79,400","79,400","79,400","79,400","-","0.00%"
"Dec 09, 2016","79,400","76,300","79,400","76,000","290.81K","4.06%"
"Dec 08, 2016","76,300","75,900","77,200","75,400","199.63K","1.60%"
"Dec 07, 2016","75,100","74,800","75,600","74,800","115.32K","0.00%"
"Dec 06, 2016","75,100","75,500","76,200","74,700","133.04K","0.54%"
"Dec 05, 2016","74,700","74,700","76,800","74,300","191.13K","-0.80%"
"Dec 04, 2016","75,300","75,300","75,300","75,300","0.06K","0.00%"
"Dec 02, 2016","75,300","76,700","77,200","75,200","189.37K","-1.83%"
"Dec 01, 2016","76,700","77,300","78,700","76,700","187.10K","-1.29%"
"Nov 30, 2016","77,700","79,500","79,900","77,700","249.84K","-2.63%"
"Nov 29, 2016","79,800","79,600","81,100","79,100","193.30K","0.50%"
"Nov 28, 2016","79,400","81,400","81,400","79,100","212.39K","-2.34%"
"Nov 25, 2016","81,300","80,700","81,600","80,300","168.91K","0.74%"
"Nov 24, 2016","80,700","81,700","82,000","80,400","173.52K","-1.47%"
"Nov 23, 2016","81,900","81,800","82,400","80,600","273.02K","0.12%"
"Nov 22, 2016","81,800","79,000","82,000","79,000","343.90K","3.54%"
"Nov 21, 2016","79,000","80,400","80,500","78,300","186.29K","-2.11%"
"Nov 20, 2016","80,700","80,700","80,700","80,700","0.04K","0.00%"
"Nov 18, 2016","80,700","80,600","81,800","80,000","279.43K","-0.37%"
"Nov 17, 2016","81,000","80,600","81,100","79,500","239.21K","0.87%"
"Nov 16, 2016","80,300","76,500","80,500","76,500","565.47K","5.66%"
"Nov 15, 2016","76,000","75,600","77,100","75,300","184.96K","0.26%"
"Nov 14, 2016","75,800","77,800","78,200","75,800","259.38K","-2.57%"
"Nov 11, 2016","77,800","79,800","79,800","76,900","432.73K","-2.38%"
"Nov 10, 2016","79,700","75,300","79,900","75,200","1.18M","11.78%"
"Nov 09, 2016","71,300","74,300","74,600","69,900","528.50K","-4.04%"
"Nov 08, 2016","74,300","74,300","74,500","73,800","142.76K","0.81%"
"Nov 07, 2016","73,700","73,200","74,200","73,100","155.28K","0.68%"
"Nov 06, 2016","73,200","73,200","73,200","73,200","0.09K","0.00%"
"Nov 04, 2016","73,200","71,200","74,000","71,200","280.52K","2.52%"
"Nov 03, 2016","71,400","70,400","72,600","70,300","383.10K","0.14%"
"Nov 02, 2016","71,300","74,000","74,500","71,300","638.57K","-4.42%"
"Nov 01, 2016","74,600","75,600","76,600","74,000","386.34K","-2.36%"
"Oct 31, 2016","76,400","79,600","79,900","76,400","495.24K","-4.02%"
"Oct 30, 2016","79,600","79,600","79,600","79,600","0.08K","0.00%"
"Oct 28, 2016","79,600","80,900","81,100","79,600","297.50K","-2.09%"
"Oct 27, 2016","81,300","80,900","81,800","80,800","122.58K","0.49%"
"Oct 26, 2016","80,900","82,400","82,500","80,400","189.00K","-1.70%"
"Oct 25, 2016","82,300","80,300","82,700","80,300","304.82K","1.98%"
"Oct 24, 2016","80,700","81,700","81,700","80,500","149.11K","0.12%"
"Oct 23, 2016","80,600","80,600","80,600","80,600","0.00K","0.00%"
"Oct 21, 2016","80,600","81,600","81,700","80,400","191.67K","-0.49%"
"Oct 20, 2016","81,000","82,100","82,900","81,000","278.01K","-0.86%"
"Oct 19, 2016","81,700","81,000","82,200","80,400","245.79K","1.11%"
"Oct 18, 2016","80,800","80,300","80,800","79,700","168.80K","0.37%"
"Oct 17, 2016","80,500","79,500","81,000","79,500","159.82K","1.51%"
"Oct 16, 2016","79,300","79,300","79,300","79,300","0.19K","0.00%"
"Oct 14, 2016","79,300","79,300","79,800","79,000","147.82K","0.00%"
"Oct 13, 2016","79,300","80,400","80,500","79,300","202.82K","-1.12%"
"Oct 12, 2016","80,200","81,500","81,500","79,000","533.40K","-1.60%"
"Oct 11, 2016","81,500","82,700","82,900","81,500","255.99K","-1.33%"
"Oct 10, 2016","82,600","83,200","83,700","82,500","144.39K","-0.96%"
"Oct 07, 2016","83,400","85,100","85,400","83,300","242.03K","-2.23%"
"Oct 06, 2016","85,300","85,200","86,300","84,100","387.12K","-0.23%"
"Oct 05, 2016","85,500","82,000","85,500","81,800","727.46K","5.30%"
"Oct 04, 2016","81,200","81,700","82,700","81,200","350.32K","-0.73%"
"Oct 03, 2016","81,800","81,800","81,800","81,800","0.07K","0.00%"
"Sep 30, 2016","81,800","83,300","84,200","81,700","372.60K","-1.09%"
"Sep 29, 2016","82,700","82,700","82,900","82,000","235.11K","-0.12%"
"Sep 28, 2016","82,800","83,400","83,600","82,400","165.40K","-0.96%"
"Sep 27, 2016","83,600","82,400","84,100","81,900","162.75K","1.21%"
"Sep 26, 2016","82,600","83,200","83,300","82,300","176.52K","-1.20%"
"Sep 25, 2016","83,600","83,600","83,600","83,600","0.01K","0.00%"
"Sep 23, 2016","83,600","84,200","84,500","83,300","264.51K","-1.07%"
"Sep 22, 2016","84,500","83,000","84,700","82,400","369.92K","2.67%"
"Sep 21, 2016","82,300","82,000","82,500","81,200","195.49K","0.12%"
"Sep 20, 2016","82,200","80,700","83,500","80,600","491.54K","2.11%"
"Sep 19, 2016","80,500","80,100","80,600","79,900","150.69K","0.00%"
"Sep 18, 2016","80,500","80,500","80,500","80,500","0.02K","0.00%"
"Sep 13, 2016","80,500","80,000","80,600","79,900","167.44K","0.75%"
"Sep 12, 2016","79,900","80,000","80,400","79,300","173.28K","-0.87%"
"Sep 11, 2016","80,600","80,600","80,600","80,600","0.47K","0.00%"
"Sep 09, 2016","80,600","80,900","81,400","80,400","258.09K","-1.47%"
"Sep 08, 2016","81,800","80,100","81,800","80,100","295.48K","2.25%"
"Sep 07, 2016","80,000","80,600","80,700","79,600","268.16K","-1.48%"
"Sep 06, 2016","81,200","81,400","82,100","80,900","219.25K","0.25%"
"Sep 05, 2016","81,000","81,200","82,200","80,900","262.56K","0.00%"
"Sep 04, 2016","81,000","81,000","81,000","81,000","-","0.00%"
"Sep 02, 2016","81,000","81,500","82,000","80,900","269.10K","-1.34%"
"Sep 01, 2016","82,100","81,300","82,200","80,800","333.37K","0.98%"
"Aug 31, 2016","81,300","80,000","81,300","79,700","341.92K","1.63%"
"Aug 30, 2016","80,000","79,500","80,800","79,400","292.38K","0.88%"
"Aug 29, 2016","79,300","80,800","80,900","79,300","476.86K","-2.10%"
"Aug 28, 2016","81,000","81,000","81,000","81,000","0.52K","0.00%"
"Aug 26, 2016","81,000","80,500","81,500","80,500","253.65K","0.00%"
"Aug 25, 2016","81,000","82,100","83,000","81,000","343.24K","-1.82%"
"Aug 24, 2016","82,500","81,100","83,100","80,700","695.31K","2.48%"
"Aug 23, 2016","80,500","82,000","83,900","80,200","859.08K","-2.66%"
"Aug 22, 2016","82,700","84,500","84,700","82,700","446.71K","-2.36%"
"Aug 21, 2016","84,700","84,700","84,700","84,700","0.04K","0.00%"
"Aug 19, 2016","84,700","86,500","86,700","84,600","597.47K","-2.31%"
"Aug 18, 2016","86,700","88,000","88,500","86,600","432.24K","-1.48%"
"Aug 17, 2016","88,000","88,600","89,300","88,000","341.39K","-0.68%"
"Aug 16, 2016","88,600","89,600","89,800","88,600","377.58K","-1.01%"
"Aug 15, 2016","89,500","89,500","89,500","89,500","0.62K","0.00%"
"Aug 12, 2016","89,500","91,400","91,500","89,200","760.61K","-1.97%"
"Aug 11, 2016","91,300","93,600","94,300","91,200","457.85K","-1.51%"
"Aug 10, 2016","92,700","93,400","93,400","92,600","297.54K","-0.22%"
"Aug 09, 2016","92,900","91,900","93,000","91,600","287.61K","1.53%"
"Aug 08, 2016","91,500","92,700","92,700","91,200","198.25K","-0.65%"
"Aug 05, 2016","92,100","92,800","93,600","92,000","208.36K","-0.22%"
"Aug 04, 2016","92,300","93,800","93,800","92,300","266.08K","-1.70%"
"Aug 03, 2016","93,900","90,700","94,200","90,600","415.34K","3.19%"
"Aug 02, 2016","91,000","91,000","91,300","90,800","121.94K","0.00%"
"Aug 01, 2016","91,000","91,500","91,600","90,600","232.65K","0.11%"
"Jul 31, 2016","90,900","90,900","90,900","90,900","-","0.00%"
"Jul 29, 2016","90,900","91,500","91,600","90,900","234.59K","-0.76%"
"Jul 28, 2016","91,600","91,400","92,000","90,700","219.95K","0.44%"
"Jul 27, 2016","91,200","91,200","92,300","91,100","191.56K","-0.33%"
"Jul 26, 2016","91,500","92,600","92,600","91,400","222.58K","-0.76%"
"Jul 25, 2016","92,200","93,100","93,200","92,100","175.48K","-0.54%"
"Jul 24, 2016","92,700","92,700","92,700","92,700","0.00K","0.00%"
"Jul 22, 2016","92,700","92,700","94,100","92,700","187.50K","0.00%"
"Jul 21, 2016","92,700","94,100","94,300","92,700","182.39K","-0.86%"
"Jul 20, 2016","93,500","93,600","94,600","93,300","128.61K","0.00%"
"Jul 19, 2016","93,500","93,000","93,900","93,000","130.64K","0.32%"
"Jul 18, 2016","93,200","94,300","94,500","93,100","196.36K","-1.17%"
"Jul 17, 2016","94,300","94,300","94,300","94,300","0.41K","0.00%"
"Jul 15, 2016","94,300","95,000","95,400","94,300","197.07K","-0.53%"
"Jul 14, 2016","94,800","95,000","95,000","94,000","148.54K","0.32%"
"Jul 13, 2016","94,500","96,000","96,200","94,200","228.44K","-1.05%"
"Jul 12, 2016","95,500","95,100","95,700","95,000","247.78K","0.53%"
"Jul 11, 2016","95,000","94,200","95,000","93,600","182.67K","1.39%"
"Jul 10, 2016","93,700","93,700","93,700","93,700","0.01K","0.00%"
"Jul 08, 2016","93,700","94,000","94,300","93,400","223.30K","-1.37%"
"Jul 07, 2016","95,000","94,800","95,700","94,700","191.57K","0.32%"
"Jul 06, 2016","94,700","93,800","94,900","92,600","270.30K","1.50%"
"Jul 05, 2016","93,300","93,600","94,300","92,900","186.78K","-0.53%"
"Jul 04, 2016","93,800","95,200","95,500","93,700","188.86K","-0.95%"
"Jul 03, 2016","94,700","94,700","94,700","94,700","-","0.00%"
"Jul 01, 2016","94,700","93,600","95,300","93,500","280.01K","1.72%"
"Jun 30, 2016","93,100","93,100","93,700","92,700","163.23K","0.98%"
"Jun 29, 2016","92,200","92,200","93,300","92,200","235.92K","1.10%"
"Jun 28, 2016","91,200","91,000","92,600","90,900","275.38K","-0.44%"
"Jun 27, 2016","91,600","88,700","91,800","88,700","321.34K","0.44%"
"Jun 26, 2016","91,200","91,200","91,200","91,200","0.02K","0.00%"
"Jun 24, 2016","91,200","94,500","94,600","88,300","710.40K","-2.15%"
"Jun 23, 2016","93,200","93,800","94,000","92,900","185.05K","-1.06%"
"Jun 22, 2016","94,200","93,300","94,700","93,300","138.15K","0.43%"
"Jun 21, 2016","93,800","95,200","95,700","93,600","182.79K","-1.16%"
"Jun 20, 2016","94,900","91,500","94,900","91,500","300.32K","3.94%"
"Jun 19, 2016","91,300","91,300","91,300","91,300","0.42K","0.00%"
"Jun 17, 2016","91,300","91,700","92,400","90,700","251.84K","0.11%"
"Jun 16, 2016","91,200","93,000","93,800","90,900","346.44K","-1.72%"
"Jun 15, 2016","92,800","93,900","94,000","92,800","247.21K","-1.38%"
"Jun 14, 2016","94,100","93,000","95,200","93,000","280.24K","0.32%"
"Jun 13, 2016","93,800","94,200","94,500","93,500","259.06K","-1.16%"
"Jun 12, 2016","94,900","94,900","94,900","94,900","1.63K","0.00%"
"Jun 10, 2016","94,900","95,500","96,100","94,600","392.46K","-0.32%"
"Jun 09, 2016","95,200","97,400","97,500","94,400","847.87K","-1.86%"
"Jun 08, 2016","97,000","97,400","98,400","96,900","327.81K","-1.22%"
"Jun 07, 2016","98,200","97,900","98,600","97,100","276.70K","0.20%"
"Jun 06, 2016","98,000","98,000","98,000","98,000","0.19K","0.00%"
"Jun 03, 2016","98,000","97,000","98,600","96,900","321.41K","0.51%"
"Jun 02, 2016","97,500","99,000","99,300","96,300","554.68K","-1.02%"
"Jun 01, 2016","98,500","102,900","103,000","98,100","1.01M","-4.18%"
"May 31, 2016","102,800","102,800","103,500","102,000","330.48K","0.00%"
"May 30, 2016","102,800","101,600","103,500","101,300","319.40K","2.19%"
"May 29, 2016","100,600","100,600","100,600","100,600","0.10K","0.00%"
"May 27, 2016","100,600","100,400","101,200","99,900","148.57K","0.90%"
"May 26, 2016","99,700","99,700","100,300","98,900","183.83K","0.10%"
"May 25, 2016","99,600","99,400","100,500","99,200","227.87K","0.40%"
"May 24, 2016","99,200","100,200","100,700","99,200","171.62K","-1.00%"
"May 23, 2016","100,200","100,200","101,700","100,000","170.22K","0.91%"
"May 20, 2016","99,300","99,900","100,500","98,500","321.66K","-1.00%"
"May 19, 2016","100,300","104,600","105,300","99,800","395.29K","-4.02%"
"May 18, 2016","104,500","104,100","104,900","103,100","206.78K","-0.57%"
"May 17, 2016","105,100","104,500","106,200","104,100","199.17K","-0.28%"
"May 16, 2016","105,400","103,100","106,200","102,400","244.41K","1.54%"
"May 13, 2016","103,800","105,700","105,900","103,300","259.90K","-2.35%"
"May 12, 2016","106,300","104,300","107,900","104,000","558.35K","0.57%"
"May 11, 2016","105,700","101,500","106,300","100,800","716.12K","5.07%"
"May 10, 2016","100,600","101,900","102,200","99,900","208.22K","-1.08%"
"May 09, 2016","101,700","99,700","102,300","99,700","251.13K","1.70%"
"May 04, 2016","100,000","100,100","100,700","99,700","133.55K","0.20%"
"May 03, 2016","99,800","99,600","100,700","99,600","108.89K","0.20%"
"May 02, 2016","99,600","99,500","100,300","99,400","129.32K","-0.90%"
"Apr 29, 2016","100,500","100,000","100,500","99,500","143.69K","0.00%"
"Apr 28, 2016","100,500","103,500","103,500","100,400","243.36K","-1.86%"
"Apr 27, 2016","102,400","102,500","103,000","101,300","166.48K","0.79%"
"Apr 26, 2016","101,600","105,600","105,700","101,600","343.66K","-2.59%"
"Apr 25, 2016","104,300","100,400","104,300","100,000","394.85K","4.72%"
"Apr 22, 2016","99,600","101,500","101,500","99,500","265.53K","-1.87%"
"Apr 21, 2016","101,500","103,500","103,700","101,200","195.62K","-1.55%"
"Apr 20, 2016","103,100","102,000","103,800","102,000","251.41K","0.59%"
"Apr 19, 2016","102,500","102,100","102,600","101,600","219.80K","0.29%"
"Apr 18, 2016","102,200","101,400","102,500","100,600","259.87K","0.99%"
"Apr 15, 2016","101,200","101,100","101,900","100,400","179.59K","0.90%"
"Apr 14, 2016","100,300","102,800","102,800","100,300","361.96K","-0.10%"
"Apr 12, 2016","100,400","99,100","101,900","99,100","459.69K","2.66%"
"Apr 11, 2016","97,800","99,500","99,800","97,600","199.71K","-1.01%"
"Apr 08, 2016","98,800","97,500","98,800","96,800","207.69K","0.41%"
"Apr 07, 2016","98,400","97,000","98,700","97,000","223.27K","1.65%"
"Apr 06, 2016","96,800","96,800","97,500","96,000","318.30K","0.31%"
"Apr 05, 2016","96,500","99,300","99,600","96,500","484.92K","-2.82%"
"Apr 04, 2016","99,300","99,300","100,400","98,000","476.52K","-2.46%"
"Apr 01, 2016","101,800","99,600","103,500","99,500","365.84K","2.62%"
"Mar 31, 2016","99,200","100,400","100,500","98,500","534.31K","-0.90%"
"Mar 30, 2016","100,100","100,400","101,800","99,900","349.81K","-0.30%"
"Mar 29, 2016","100,400","100,800","101,900","99,900","314.60K","-0.40%"
"Mar 28, 2016","100,800","101,700","102,800","100,300","383.17K","-1.85%"
"Mar 25, 2016","102,700","106,500","107,000","102,000","453.22K","-4.02%"
"Mar 24, 2016","107,000","106,600","107,600","106,300","140.30K","0.38%"
"Mar 23, 2016","106,600","108,500","110,000","106,600","338.12K","-2.65%"
"Mar 22, 2016","109,500","108,300","109,600","106,500","384.35K","-0.18%"
"Mar 21, 2016","109,700","112,200","112,200","107,700","380.24K","-2.23%"
"Mar 18, 2016","112,200","113,100","113,400","111,500","198.04K","-0.09%"
"Mar 17, 2016","112,300","111,300","112,500","110,800","284.50K","2.46%"
"Mar 16, 2016","109,600","111,400","112,500","108,700","387.49K","-1.62%"
"Mar 15, 2016","111,400","112,600","113,000","110,400","311.20K","-1.07%"
"Mar 14, 2016","112,600","112,000","113,300","111,700","343.08K","1.26%"
"Mar 11, 2016","111,200","110,000","111,900","108,800","379.43K","1.00%"
"Mar 10, 2016","110,100","107,500","111,900","107,400","616.94K","2.13%"
"Mar 09, 2016","107,800","106,000","108,500","105,100","338.07K","1.51%"
"Mar 08, 2016","106,200","106,600","107,200","104,500","341.11K","0.28%"
"Mar 07, 2016","105,900","104,100","107,000","104,100","563.20K","2.02%"
"Mar 04, 2016","103,800","102,400","104,600","101,300","561.55K","2.27%"
"Mar 03, 2016","101,500","97,400","101,900","96,300","631.71K","4.21%"
"Mar 02, 2016","97,400","95,800","97,600","95,100","413.73K","2.63%"
"Feb 29, 2016","94,900","95,100","95,500","94,000","212.00K","0.85%"
"Feb 26, 2016","94,100","94,600","95,300","94,000","175.41K","-0.42%"
"Feb 25, 2016","94,500","95,900","96,800","93,400","293.69K","-0.53%"
"Feb 24, 2016","95,000","96,000","96,100","94,200","349.72K","-1.45%"
"Feb 23, 2016","96,400","93,000","97,500","92,900","724.31K","4.33%"
"Feb 22, 2016","92,400","93,000","93,400","91,500","284.53K","-0.22%"
"Feb 19, 2016","92,600","91,500","93,400","91,500","299.34K","0.22%"
"Feb 18, 2016","92,400","94,300","94,600","92,300","363.27K","0.33%"
"Feb 17, 2016","92,100","93,600","95,100","92,100","380.18K","-2.33%"
"Feb 16, 2016","94,300","93,600","95,400","92,800","382.64K","2.17%"
"Feb 15, 2016","92,300","93,100","95,000","90,600","705.48K","-0.54%"
"Feb 12, 2016","92,800","99,000","100,400","92,700","982.17K","-7.85%"
"Feb 11, 2016","100,700","104,500","104,900","100,700","733.03K","-7.53%"
"Feb 05, 2016","108,900","108,200","112,100","107,300","372.20K","-0.37%"
"Feb 04, 2016","109,300","109,200","109,900","108,700","144.63K","0.09%"
"Feb 03, 2016","109,200","107,900","109,700","107,900","218.26K","0.46%"
"Feb 02, 2016","108,700","110,000","110,400","108,700","225.62K","-1.00%"
"Feb 01, 2016","109,800","110,100","110,800","109,100","192.06K","0.46%"
"Jan 29, 2016","109,300","110,000","110,600","108,700","246.13K","-0.18%"
"Jan 28, 2016","109,500","109,700","109,900","107,700","245.78K","0.27%"
"Jan 27, 2016","109,200","113,000","113,400","108,600","533.45K","-2.85%"
"Jan 26, 2016","112,400","113,000","113,500","111,700","152.92K","-0.62%"
"Jan 25, 2016","113,100","113,000","114,100","112,100","202.42K","0.27%"
"Jan 22, 2016","112,800","111,100","113,800","111,000","242.51K","1.62%"
"Jan 21, 2016","111,000","111,600","112,000","110,500","322.21K","-0.98%"
"Jan 20, 2016","112,100","114,300","114,300","111,600","290.25K","-1.75%"
"Jan 19, 2016","114,100","115,900","116,000","111,300","562.73K","-1.81%"
"Jan 18, 2016","116,200","117,200","118,000","115,200","411.30K","-2.11%"
"Jan 15, 2016","118,700","120,000","120,200","118,000","256.78K","-0.17%"
"Jan 14, 2016","118,900","118,600","119,400","117,700","284.21K","-0.75%"
"Jan 13, 2016","119,800","117,600","120,500","117,500","563.56K","2.92%"
"Jan 12, 2016","116,400","116,000","118,800","115,500","379.91K","1.48%"
"Jan 11, 2016","114,700","114,800","120,400","114,100","545.22K","-0.43%"
"Jan 08, 2016","115,200","115,300","115,900","113,700","398.70K","-1.79%"
"Jan 07, 2016","117,300","118,400","120,500","116,600","341.02K","-1.51%"
"Jan 06, 2016","119,100","118,000","121,100","117,300","542.62K","1.71%"
"Jan 05, 2016","117,100","114,100","117,500","113,800","316.64K","1.56%"
"Jan 04, 2016","115,300","117,500","117,500","115,300","296.13K","-0.43%"
"Dec 30, 2015","115,800","113,900","117,200","113,800","364.92K","2.12%"
"Dec 29, 2015","113,400","111,500","113,900","111,500","282.65K","2.53%"
"Dec 28, 2015","110,600","112,100","112,400","110,600","322.64K","0.00%"
"Dec 24, 2015","110,600","111,500","111,900","110,600","191.53K","-0.36%"
"Dec 23, 2015","111,000","112,000","112,200","110,900","165.28K","-0.36%"
"Dec 22, 2015","111,400","112,000","112,100","111,000","199.76K","-0.71%"
"Dec 21, 2015","112,200","112,200","112,400","111,100","115.04K","0.09%"
"Dec 18, 2015","112,100","110,800","112,300","109,700","134.06K","0.63%"
"Dec 17, 2015","111,400","113,500","113,500","111,200","136.11K","0.18%"
"Dec 16, 2015","111,200","109,700","112,300","109,700","189.83K","2.68%"
"Dec 15, 2015","108,300","108,000","109,400","107,900","276.69K","0.28%"
"Dec 14, 2015","108,000","110,200","111,700","108,000","345.23K","-4.17%"
"Dec 11, 2015","112,700","113,000","114,300","112,600","190.62K","-0.09%"
"Dec 10, 2015","112,800","115,600","115,800","112,800","322.76K","-2.84%"
"Dec 09, 2015","116,100","117,600","118,000","116,100","169.34K","-0.85%"
"Dec 08, 2015","117,100","118,900","119,400","116,800","248.51K","-1.35%"
"Dec 07, 2015","118,700","119,000","120,300","118,700","271.13K","0.34%"
"Dec 04, 2015","118,300","119,300","121,300","118,300","289.62K","-2.07%"
"Dec 03, 2015","120,800","116,300","121,100","116,300","517.13K","0.83%"
"Dec 02, 2015","119,800","121,400","123,600","119,800","591.16K","0.34%"
"Dec 01, 2015","119,400","120,800","121,700","118,300","624.80K","-1.00%"
"Nov 30, 2015","120,600","126,500","131,000","119,400","2.92M","3.88%"
"Nov 27, 2015","116,100","113,200","117,500","112,900","547.29K","3.38%"
"Nov 26, 2015","112,300","112,300","113,200","112,000","191.16K","0.18%"
"Nov 25, 2015","112,100","113,400","113,600","111,900","241.00K","-0.62%"
"Nov 24, 2015","112,800","113,700","113,900","112,000","329.76K","-1.14%"
"Nov 23, 2015","114,100","115,700","116,000","113,800","235.40K","-1.21%"
"Nov 20, 2015","115,500","115,000","116,800","114,700","180.50K","0.17%"
"Nov 19, 2015","115,300","114,700","115,900","113,500","182.31K","0.61%"
"Nov 18, 2015","114,600","114,500","116,100","113,700","222.24K","-0.17%"
"Nov 17, 2015","114,800","116,600","116,800","114,400","234.25K","-0.26%"
"Nov 16, 2015","115,100","117,500","118,900","115,100","326.84K","-3.60%"
"Nov 13, 2015","119,400","117,500","119,900","117,100","366.41K","0.34%"
"Nov 12, 2015","119,000","114,100","120,000","114,100","841.28K","6.73%"
"Nov 11, 2015","111,500","111,400","113,400","111,400","183.07K","-0.18%"
"Nov 10, 2015","111,700","113,400","114,000","110,900","356.41K","-2.87%"
"Nov 09, 2015","115,000","119,800","120,000","114,500","320.76K","-3.36%"
"Nov 06, 2015","119,000","119,200","120,000","118,000","304.29K","-1.08%"
"Nov 05, 2015","120,300","115,900","120,900","115,800","945.91K","4.79%"
"Nov 04, 2015","114,800","111,500","114,800","111,400","305.88K","3.24%"
"Nov 03, 2015","111,200","111,500","112,600","110,100","247.49K","-0.09%"
"Nov 02, 2015","111,300","112,900","113,400","110,500","282.82K","-2.02%"
"Oct 30, 2015","113,600","114,600","115,500","113,500","148.76K","-0.96%"
"Oct 29, 2015","114,700","115,400","116,600","114,000","219.18K","-0.17%"
"Oct 28, 2015","114,900","113,900","115,200","113,000","322.73K","1.50%"
"Oct 27, 2015","113,200","113,500","114,100","112,400","223.61K","-0.70%"
"Oct 26, 2015","114,000","114,700","115,500","113,100","192.75K","-0.35%"
"Oct 23, 2015","114,400","113,000","114,400","112,600","231.47K","1.96%"
"Oct 22, 2015","112,200","115,100","115,100","112,000","424.76K","-2.77%"
"Oct 21, 2015","115,400","116,100","117,300","115,100","260.68K","-0.52%"
"Oct 20, 2015","116,000","114,300","117,900","114,300","346.17K","0.52%"
"Oct 19, 2015","115,400","115,100","116,200","111,800","518.67K","0.26%"
"Oct 16, 2015","115,100","115,900","116,900","114,600","461.40K","-0.78%"
"Oct 15, 2015","116,000","120,900","121,100","115,500","1.20M","-4.84%"
"Oct 14, 2015","121,900","120,900","122,200","120,400","251.90K","0.66%"
"Oct 13, 2015","121,100","121,800","123,400","121,100","341.53K","-0.90%"
"Oct 12, 2015","122,200","123,400","124,300","122,100","365.38K","-0.89%"
"Oct 08, 2015","123,300","125,500","127,200","122,900","443.15K","-2.07%"
"Oct 07, 2015","125,900","125,800","127,000","124,500","344.64K","-1.02%"
"Oct 06, 2015","127,200","130,200","131,200","127,000","343.76K","-2.00%"
"Oct 05, 2015","129,800","130,500","130,900","128,500","325.23K","-0.15%"
"Oct 02, 2015","130,000","130,000","131,400","128,200","563.85K","2.04%"
"Oct 01, 2015","127,400","127,700","133,400","125,500","1.15M","1.19%"
"Sep 30, 2015","125,900","123,300","127,200","123,000","500.12K","2.36%"
"Sep 25, 2015","123,000","122,000","123,400","122,000","163.07K","0.08%"
"Sep 24, 2015","122,900","124,400","124,500","122,700","173.21K","-0.41%"
"Sep 23, 2015","123,400","123,500","125,400","123,300","226.73K","-0.64%"
"Sep 22, 2015","124,200","125,000","125,200","123,800","172.88K","-0.40%"
"Sep 21, 2015","124,700","124,100","125,000","122,700","222.74K","-0.64%"
"Sep 18, 2015","125,500","125,700","127,900","124,700","381.95K","0.32%"
"Sep 17, 2015","125,100","127,200","127,400","124,300","301.62K","-0.87%"
"Sep 16, 2015","126,200","124,600","126,200","124,000","347.44K","2.85%"
"Sep 15, 2015","122,700","122,500","123,500","121,800","203.13K","0.57%"
"Sep 14, 2015","122,000","125,000","126,600","120,700","408.09K","-1.77%"
"Sep 11, 2015","124,200","125,800","125,900","124,200","290.47K","-0.64%"
"Sep 10, 2015","125,000","124,800","126,000","123,900","241.50K","-1.50%"
"Sep 09, 2015","126,900","125,000","127,300","124,500","294.85K","3.51%"
"Sep 08, 2015","122,600","124,400","125,400","121,500","316.62K","-1.13%"
"Sep 07, 2015","124,000","125,400","126,800","124,000","248.75K","-0.56%"
"Sep 04, 2015","124,700","129,600","131,300","124,700","400.21K","-3.63%"
"Sep 03, 2015","129,400","130,300","133,300","129,000","381.71K","1.01%"
"Sep 02, 2015","128,100","127,600","129,500","126,300","532.97K","-1.84%"
"Sep 01, 2015","130,500","134,000","136,000","130,500","383.69K","-3.26%"
"Aug 31, 2015","134,900","134,700","135,200","132,000","580.55K","0.15%"
"Aug 28, 2015","134,700","129,600","134,900","129,600","670.63K","5.48%"
"Aug 27, 2015","127,700","130,600","130,700","127,300","380.67K","-1.08%"
"Aug 26, 2015","129,100","128,800","130,200","127,200","465.04K","0.62%"
"Aug 25, 2015","128,300","126,100","130,900","124,100","614.37K","3.47%"
"Aug 24, 2015","124,000","124,000","126,200","122,000","538.41K","0.00%"
"Aug 21, 2015","124,000","120,000","125,100","119,800","732.18K","-0.96%"
"Aug 20, 2015","125,200","125,700","128,800","124,500","481.02K","-0.95%"
"Aug 19, 2015","126,400","129,300","130,500","124,400","935.33K","-3.73%"
"Aug 18, 2015","131,300","137,300","138,200","131,200","771.19K","-4.23%"
"Aug 17, 2015","137,100","142,200","142,500","137,100","724.30K","-2.14%"
"Aug 13, 2015","140,100","130,000","142,900","128,200","2.27M","3.85%"
"Aug 12, 2015","134,900","134,600","138,500","131,500","1.20M","1.05%"
"Aug 11, 2015","133,500","137,000","139,700","133,100","1.06M","-1.69%"
"Aug 10, 2015","135,800","133,400","136,800","131,100","777.85K","2.72%"
"Aug 07, 2015","132,200","129,000","133,400","128,700","713.97K","3.28%"
"Aug 06, 2015","128,000","133,800","135,400","128,000","953.95K","0.87%"
"Aug 05, 2015","126,900","124,700","127,300","123,500","302.62K","1.76%"
"Aug 04, 2015","124,700","122,200","126,000","121,200","479.20K","3.06%"
"Aug 03, 2015","121,000","120,300","124,100","120,300","447.32K","0.08%"
"Jul 31, 2015","120,900","129,000","129,100","120,100","868.16K","-6.57%"
"Jul 30, 2015","129,400","131,000","131,300","123,100","636.43K","0.08%"
"Jul 29, 2015","129,300","129,900","131,600","128,900","432.90K","0.00%"
"Jul 28, 2015","129,300","124,900","129,900","124,400","578.18K","2.46%"
"Jul 27, 2015","126,200","126,200","128,800","122,500","618.50K","-1.17%"
"Jul 24, 2015","127,700","128,900","130,700","126,500","615.95K","-1.77%"
"Jul 23, 2015","130,000","131,500","132,700","129,600","481.92K","-1.44%"
"Jul 22, 2015","131,900","131,000","133,800","129,800","515.59K","0.53%"
"Jul 21, 2015","131,200","135,200","135,300","130,700","764.15K","-3.39%"
"Jul 20, 2015","135,800","140,400","141,600","135,700","768.01K","-2.65%"
"Jul 17, 2015","139,500","140,500","141,300","136,500","1.19M","1.01%"
"Jul 16, 2015","138,100","130,500","138,800","128,300","1.05M","6.07%"
"Jul 15, 2015","130,200","133,500","134,700","129,800","712.15K","-1.81%"
"Jul 14, 2015","132,600","136,100","136,400","132,100","529.97K","-1.63%"
"Jul 13, 2015","134,800","130,500","134,900","129,300","707.56K","3.30%"
"Jul 10, 2015","130,500","131,500","135,200","128,500","938.25K","-0.61%"
"Jul 09, 2015","131,300","136,200","137,400","127,500","2.04M","-4.92%"
"Jul 08, 2015","138,100","141,200","141,900","137,000","827.62K","-0.22%"
"Jul 07, 2015","138,400","142,000","143,400","133,000","1.39M","0.29%"
"Jul 06, 2015","138,000","137,500","145,200","137,100","1.35M","-0.86%"
"Jul 03, 2015","139,200","138,700","139,700","134,600","1.03M","0.65%"
"Jul 02, 2015","138,300","139,000","141,500","135,900","1.55M","1.24%"
"Jul 01, 2015","136,600","128,300","139,600","128,100","2.92M","8.24%"
"Jun 30, 2015","126,200","128,000","128,700","122,500","1.05M","0.16%"
"Jun 29, 2015","126,000","121,400","128,500","121,400","1.52M","2.02%"
"Jun 26, 2015","123,500","120,500","126,200","119,000","1.90M","3.09%"
"Jun 25, 2015","119,800","118,000","120,400","117,100","1.79M","4.81%"
"Jun 24, 2015","114,300","107,300","115,500","107,300","1.17M","6.82%"
"Jun 23, 2015","107,000","108,500","108,500","106,600","237.20K","0.38%"
"Jun 22, 2015","106,600","108,200","109,400","106,100","246.23K","-1.11%"
"Jun 19, 2015","107,800","108,200","109,300","106,500","345.05K","2.67%"
"Jun 18, 2015","105,000","107,000","107,100","104,400","381.81K","-1.32%"
"Jun 17, 2015","106,400","101,200","106,800","100,800","724.45K","4.62%"
"Jun 16, 2015","101,700","105,000","109,600","99,800","1.31M","-3.69%"
"Jun 15, 2015","105,600","109,200","110,500","105,000","631.64K","-4.69%"
"Jun 12, 2015","110,800","113,800","114,700","109,800","665.57K","-3.23%"
"Jun 11, 2015","114,500","117,700","118,500","114,500","461.02K","-1.29%"
"Jun 10, 2015","116,000","118,300","119,600","115,100","636.39K","-0.85%"
"Jun 09, 2015","117,000","115,600","118,600","115,400","785.39K","2.45%"
"Jun 08, 2015","114,200","111,600","115,400","110,700","431.94K","3.16%"
"Jun 05, 2015","110,700","112,000","114,100","110,600","377.60K","-2.81%"
"Jun 04, 2015","113,900","112,000","114,400","112,000","320.63K","1.88%"
"Jun 03, 2015","111,800","111,600","115,100","111,200","463.16K","0.18%"
"Jun 02, 2015","111,600","115,200","116,000","111,600","608.84K","-4.04%"
"Jun 01, 2015","116,300","119,300","120,200","115,100","717.35K","-0.85%"
"May 29, 2015","117,300","108,300","120,800","106,800","2.40M","9.52%"
"May 28, 2015","107,100","109,700","110,400","107,100","353.28K","-1.20%"
"May 27, 2015","108,400","113,600","113,600","107,900","505.48K","-4.58%"
"May 26, 2015","113,600","114,800","115,700","113,400","439.53K","0.53%"
"May 22, 2015","113,000","116,100","116,500","113,000","443.92K","-2.50%"
"May 21, 2015","115,900","117,700","117,800","114,300","666.47K","-0.43%"
"May 20, 2015","116,400","114,500","116,800","112,600","1.26M","4.39%"
"May 19, 2015","111,500","107,800","112,600","107,100","1.09M","4.21%"
"May 18, 2015","107,000","105,500","107,600","103,900","458.98K","2.00%"
"May 15, 2015","104,900","105,500","107,000","103,500","491.71K","-0.94%"
"May 14, 2015","105,900","100,300","108,600","99,900","1.36M","5.48%"
"May 13, 2015","100,400","100,100","102,500","99,500","395.43K","-0.69%"
"May 12, 2015","101,100","104,100","104,300","101,000","390.66K","-3.07%"
"May 11, 2015","104,300","104,700","105,200","103,100","261.27K","0.10%"
"May 08, 2015","104,200","104,600","106,900","104,200","355.34K","-0.38%"
"May 07, 2015","104,600","101,800","104,900","99,000","647.65K","2.85%"
"May 06, 2015","101,700","104,700","104,900","101,700","694.45K","-4.15%"
"May 04, 2015","106,100","108,000","110,500","106,100","436.62K","-1.67%"
"Apr 30, 2015","107,900","107,600","110,800","107,300","431.03K","0.75%"
"Apr 29, 2015","107,100","108,800","109,500","107,000","424.46K","-1.92%"
"Apr 28, 2015","109,200","110,600","111,600","109,000","366.69K","-1.27%"
"Apr 27, 2015","110,600","111,500","112,300","110,300","270.55K","-0.09%"
"Apr 24, 2015","110,700","113,500","114,000","110,000","604.24K","-2.47%"
"Apr 23, 2015","113,500","115,400","116,800","113,500","536.53K","-1.90%"
"Apr 22, 2015","115,700","113,800","118,000","113,400","876.83K","1.58%"
"Apr 21, 2015","113,900","117,000","117,600","113,700","501.14K","-1.81%"
"Apr 20, 2015","116,000","113,500","116,800","113,400","565.55K","1.31%"
"Apr 17, 2015","114,500","117,900","119,400","114,100","1.41M","0.44%"
"Apr 16, 2015","114,000","112,800","115,200","110,800","841.71K","1.97%"
"Apr 15, 2015","111,800","114,800","115,400","111,800","769.15K","-1.84%"
"Apr 14, 2015","113,900","107,300","115,500","107,300","1.83M","6.35%"
"Apr 13, 2015","107,100","107,900","109,800","106,300","518.27K","-0.83%"
"Apr 10, 2015","108,000","110,400","112,000","108,000","613.01K","-2.09%"
"Apr 09, 2015","110,300","106,800","113,800","105,800","1.37M","2.99%"
"Apr 08, 2015","107,100","107,800","108,500","106,800","427.45K","-0.09%"
"Apr 07, 2015","107,200","108,100","110,200","107,000","488.52K","-0.19%"
"Apr 06, 2015","107,400","107,700","109,200","105,800","797.22K","-2.01%"
"Apr 03, 2015","109,600","109,400","112,200","109,100","399.68K","0.27%"
"Apr 02, 2015","109,300","113,600","114,100","109,100","972.62K","-4.12%"
"Apr 01, 2015","114,000","114,400","115,100","113,600","317.96K","-1.21%"
"Mar 31, 2015","115,400","117,000","117,300","113,600","453.52K","0.00%"
"Mar 30, 2015","115,400","114,500","116,800","113,400","454.49K","1.85%"
"Mar 27, 2015","113,300","112,700","113,900","111,700","289.63K","0.71%"
"Mar 26, 2015","112,500","112,900","116,900","112,100","842.54K","-0.88%"
"Mar 25, 2015","113,500","115,500","116,700","112,600","706.54K","-1.73%"
"Mar 24, 2015","115,500","121,000","121,000","115,500","943.14K","-4.31%"
"Mar 23, 2015","120,700","123,200","124,900","120,400","1.24M","-0.25%"
"Mar 20, 2015","121,000","114,300","121,000","113,600","1.85M","6.51%"
"Mar 19, 2015","113,600","112,700","114,300","106,700","2.07M","0.98%"
"Mar 18, 2015","112,500","117,600","120,300","112,100","1.45M","-5.14%"
"Mar 17, 2015","118,600","119,000","121,000","117,800","595.33K","-0.34%"
"Mar 16, 2015","119,000","120,900","121,900","117,500","843.24K","-1.16%"
"Mar 13, 2015","120,400","122,400","124,300","120,300","579.45K","-2.51%"
"Mar 12, 2015","123,500","121,200","124,800","121,200","340.44K","1.90%"
"Mar 11, 2015","121,200","123,100","125,200","121,000","634.76K","-3.19%"
"Mar 10, 2015","125,200","130,300","130,700","124,600","495.30K","-2.80%"
"Mar 09, 2015","128,800","132,000","132,500","128,600","348.76K","-1.60%"
"Mar 06, 2015","130,900","132,000","133,400","129,700","362.76K","-0.83%"
"Mar 05, 2015","132,000","132,800","134,800","131,400","338.76K","-0.60%"
"Mar 04, 2015","132,800","129,200","135,400","128,600","663.75K","2.55%"
"Mar 03, 2015","129,500","128,900","130,400","128,400","279.67K","1.01%"
"Mar 02, 2015","128,200","133,300","134,000","128,100","600.84K","-3.68%"
"Feb 27, 2015","133,100","131,500","133,100","131,100","413.27K","1.76%"
"Feb 26, 2015","130,800","135,400","136,100","130,200","652.08K","-3.04%"
"Feb 25, 2015","134,900","136,900","138,600","134,900","351.42K","-0.59%"
"Feb 24, 2015","135,700","135,100","138,800","133,000","420.27K","0.07%"
"Feb 23, 2015","135,600","139,300","140,300","135,200","456.48K","-2.66%"
"Feb 17, 2015","139,300","137,900","141,400","137,800","267.88K","-0.36%"
"Feb 16, 2015","139,800","140,000","141,600","138,600","290.42K","-0.99%"
"Feb 13, 2015","141,200","145,600","145,600","140,800","554.54K","-2.75%"
"Feb 12, 2015","145,200","150,900","152,300","142,100","884.88K","-1.63%"
"Feb 11, 2015","147,600","140,500","148,900","140,500","573.65K","5.05%"
"Feb 10, 2015","140,500","137,300","144,900","134,500","931.49K","0.79%"
"Feb 09, 2015","139,400","145,000","146,900","138,100","686.03K","-4.32%"
"Feb 06, 2015","145,700","150,500","151,200","144,900","435.24K","-2.74%"
"Feb 05, 2015","149,800","150,600","152,400","149,100","269.56K","0.13%"
"Feb 04, 2015","149,600","149,100","151,400","148,300","309.01K","-0.27%"
"Feb 03, 2015","150,000","148,100","150,600","145,200","505.62K","0.74%"
"Feb 02, 2015","148,900","152,100","152,500","148,000","448.06K","-2.49%"
"Jan 30, 2015","152,700","157,000","159,500","152,100","491.41K","-2.37%"
"Jan 29, 2015","156,400","157,700","157,900","154,300","373.34K","-0.64%"
"Jan 28, 2015","157,400","154,500","157,600","153,100","515.32K","2.81%"
"Jan 27, 2015","153,100","157,500","157,500","151,200","706.80K","-2.61%"
"Jan 26, 2015","157,200","157,500","160,000","156,300","625.05K","0.90%"
"Jan 23, 2015","155,800","149,200","155,900","146,800","745.37K","5.63%"
"Jan 22, 2015","147,500","153,000","156,000","146,100","699.03K","-3.59%"
"Jan 21, 2015","153,000","153,700","154,800","152,100","297.18K","-0.78%"
"Jan 20, 2015","154,200","153,200","155,600","150,900","471.11K","1.31%"
"Jan 19, 2015","152,200","157,600","157,700","152,000","493.90K","-0.85%"
"Jan 16, 2015","153,500","154,800","156,900","150,700","821.83K","-0.58%"
"Jan 15, 2015","154,400","145,500","154,500","144,600","1.21M","6.93%"
"Jan 14, 2015","144,400","142,500","145,500","140,600","466.62K","1.26%"
"Jan 13, 2015","142,600","145,400","147,300","141,700","602.46K","-1.93%"
"Jan 12, 2015","145,400","148,000","148,600","141,400","993.26K","-2.74%"
"Jan 09, 2015","149,500","149,200","150,100","147,100","652.40K","1.49%"
"Jan 08, 2015","147,300","149,900","151,500","146,500","727.79K","-0.61%"
"Jan 07, 2015","148,200","144,000","149,300","142,800","848.47K","2.00%"
"Jan 06, 2015","145,300","144,300","149,300","142,500","1.04M","0.55%"
"Jan 05, 2015","144,500","140,500","145,800","139,600","1.36M","5.32%"
"Jan 02, 2015","137,200","124,400","138,700","124,300","1.15M","11.00%"
"Dec 30, 2014","123,600","124,400","124,400","122,100","203.52K","0.41%"
"Dec 29, 2014","123,100","123,200","124,700","122,300","272.72K","0.90%"
"Dec 26, 2014","122,000","123,200","124,100","121,600","300.64K","-1.05%"
"Dec 24, 2014","123,300","125,200","126,300","123,100","363.08K","-1.52%"
"Dec 23, 2014","125,200","130,000","130,500","125,100","404.75K","-3.54%"
"Dec 22, 2014","129,800","131,000","132,400","128,500","420.15K","-0.38%"
"Dec 19, 2014","130,300","125,500","130,700","124,800","554.27K","4.91%"
"Dec 18, 2014","124,200","125,800","126,700","120,500","503.48K","-1.51%"
"Dec 17, 2014","126,100","128,400","130,000","125,000","358.43K","-1.33%"
"Dec 16, 2014","127,800","126,700","131,200","126,200","501.70K","0.71%"
"Dec 15, 2014","126,900","119,900","128,700","119,800","513.34K","5.05%"
"Dec 12, 2014","120,800","124,700","125,600","119,600","660.99K","-2.58%"
"Dec 11, 2014","124,000","127,700","129,700","123,500","653.82K","-3.13%"
"Dec 10, 2014","128,000","133,500","135,000","128,000","749.74K","-4.69%"
"Dec 09, 2014","134,300","134,500","138,000","134,300","316.24K","-0.37%"
"Dec 08, 2014","134,800","137,300","138,400","134,800","394.85K","-2.18%"
"Dec 05, 2014","137,800","139,100","141,300","136,900","479.02K","-1.50%"
"Dec 04, 2014","139,900","140,500","143,600","139,500","393.55K","-0.07%"
"Dec 03, 2014","140,000","140,700","143,000","138,700","307.54K","-1.48%"
"Dec 02, 2014","142,100","140,100","142,400","137,800","412.83K","0.85%"
"Dec 01, 2014","140,900","145,200","145,300","140,000","443.23K","-3.95%"
"Nov 28, 2014","146,700","143,000","148,500","143,000","496.11K","2.02%"
"Nov 27, 2014","143,800","147,300","148,900","143,200","351.35K","-2.44%"
"Nov 26, 2014","147,400","149,800","150,500","147,400","543.77K","-1.93%"
"Nov 25, 2014","150,300","143,500","150,300","142,800","2.79M","4.09%"
"Nov 24, 2014","144,400","145,000","146,400","139,700","645.17K","1.40%"
"Nov 21, 2014","142,400","142,100","143,200","140,500","456.58K","0.92%"
"Nov 20, 2014","141,100","136,000","142,900","135,000","780.01K","3.37%"
"Nov 19, 2014","136,500","135,000","136,600","133,900","419.61K","1.87%"
"Nov 18, 2014","134,000","136,900","139,000","132,000","714.93K","-2.19%"
"Nov 17, 2014","137,000","137,200","140,700","134,800","406.65K","-1.37%"
"Nov 14, 2014","138,900","141,500","142,000","137,500","476.05K","-2.53%"
"Nov 13, 2014","142,500","142,500","144,100","141,200","319.78K","0.00%"
"Nov 12, 2014","142,500","141,800","145,400","141,300","609.34K","1.79%"
"Nov 11, 2014","140,000","138,900","143,700","138,500","529.85K","0.50%"
"Nov 10, 2014","139,300","135,300","140,000","134,200","709.04K","3.03%"
"Nov 07, 2014","135,200","133,000","135,600","125,100","1.49M","-0.66%"
"Nov 06, 2014","136,100","139,900","142,400","135,500","475.09K","-2.79%"
"Nov 05, 2014","140,000","142,500","144,100","135,500","734.87K","-1.75%"
"Nov 04, 2014","142,500","142,100","147,500","141,700","412.13K","0.35%"
"Nov 03, 2014","142,000","145,000","147,800","142,000","335.33K","-2.74%"